[
  {
    "chunk_id": "docling:_docling-project_docling_7.3-usage-examples.md:chunk:0",
    "content": "# Usage Examples\n\n\nRelevant source files\n\n- [README.md](https://github.com/docling-project/docling/blob/f7244a43/README.md)\n- [docling/cli/main.py](https://github.com/docling-project/docling/blob/f7244a43/docling/cli/main.py)\n- [docling/datamodel/base\\_models.py](https://github.com/docling-project/docling/blob/f7244a43/docling/datamodel/base_models.py)\n- [docling/datamodel/document.py](https://github.com/docling-project/docling/blob/f7244a43/docling/datamodel/document.py)\n- [docling/datamodel/pipeline\\_options.py](https://github.com/docling-project/docling/blob/f7244a43/docling/datamodel/pipeline_options.py)\n- [docling/document\\_converter.py](https://github.com/docling-project/docling/blob/f7244a43/docling/document_converter.py)\n- [docs/examples/minimal\\_vlm\\_pipeline.py](https://github.com/docling-project/docling/blob/f7244a43/docs/examples/minimal_vlm_pipeline.py)\n- [docs/index.md](https://github.com/docling-project/docling/blob/f7244a43/docs/index.md)\n- [docs/usage/index.md](https://github.com/docling-project/docling/blob/f7244a43/docs/usage/index.md)\n- [docs/usage/mcp.md](https://github.com/docling-project/docling/blob/f7244a43/docs/usage/mcp.md)\n- [docs/usage/vision\\_models.md](https://github.com/docling-project/docling/blob/f7244a43/docs/usage/vision_models.md)\n- [mkdocs.yml](https://github.com/docling-project/docling/blob/f7244a43/mkdocs.yml)\n\nThis page provides comprehensive, practical code examples for using the Docling Python SDK. It demonstrates common usage patterns, configuration options, and integration approaches for the `DocumentConverter` and `DocumentExtractor` classes.\n\nFor API reference details, see [DocumentConverter API](docling-project/docling/7.1-documentconverter-api.md) and [DocumentExtractor API](docling-project/docling/7.2-documentextractor-api.md). For CLI usage, see [Document Conversion CLI](docling-project/docling/6.1-document-conversion-cli.md).",
    "metadata": {
      "source": "_docling-project_docling_7.3-usage-examples.md",
      "heading": "Usage Examples",
      "heading_level": 1,
      "chunk_index": 0,
      "collection": "docling",
      "char_count": 1909,
      "estimated_tokens": 477,
      "total_chunks": 25
    }
  },
  {
    "chunk_id": "docling:_docling-project_docling_7.3-usage-examples.md:chunk:1",
    "content": "## Basic Document Conversion\n\n\nThe simplest conversion workflow uses `DocumentConverter` with default settings:\n\n```\n```\n\n**Key Components:**\n\n- `DocumentConverter`: Main orchestrator for document conversion [document\\_converter.py184-433](https://github.com/docling-project/docling/blob/f7244a43/document_converter.py#L184-L433)\n- `ConversionResult`: Container for conversion output, status, and errors [datamodel/document.py198-215](https://github.com/docling-project/docling/blob/f7244a43/datamodel/document.py#L198-L215)\n- `DoclingDocument`: Unified document representation from docling-core\n\nThe converter automatically detects the input format and selects the appropriate pipeline and backend based on MIME type and file extension [datamodel/document.py280-338](https://github.com/docling-project/docling/blob/f7244a43/datamodel/document.py#L280-L338)\n\n**Conversion Flow Diagram:**\n\n```\n```\n\nSources: [document\\_converter.py227-245](https://github.com/docling-project/docling/blob/f7244a43/document_converter.py#L227-L245) [document\\_converter.py351-378](https://github.com/docling-project/docling/blob/f7244a43/document_converter.py#L351-L378) [document\\_converter.py404-432](https://github.com/docling-project/docling/blob/f7244a43/document_converter.py#L404-L432)",
    "metadata": {
      "source": "_docling-project_docling_7.3-usage-examples.md",
      "heading": "Basic Document Conversion",
      "heading_level": 2,
      "chunk_index": 1,
      "collection": "docling",
      "char_count": 1272,
      "estimated_tokens": 318,
      "total_chunks": 25
    }
  },
  {
    "chunk_id": "docling:_docling-project_docling_7.3-usage-examples.md:chunk:2",
    "content": "## Batch Processing\n\n\nFor processing multiple documents efficiently, use `convert_all()` which returns an iterator:\n\n```\n```\n\n**Document Limits and Error Handling:**\n\n| Parameter         | Type  | Purpose                                                        |\n| ----------------- | ----- | -------------------------------------------------------------- |\n| `raises_on_error` | bool  | If True, raises on first error; if False, yields error results |\n| `max_num_pages`   | int   | Skip documents exceeding this page count                       |\n| `max_file_size`   | int   | Skip documents exceeding this byte size                        |\n| `page_range`      | tuple | Specify page range to process (start, end)                     |\n\nThe `convert_all()` method supports concurrent processing via `settings.perf.doc_batch_concurrency` for improved throughput [document\\_converter.py327-349](https://github.com/docling-project/docling/blob/f7244a43/document_converter.py#L327-L349)\n\nSources: [document\\_converter.py247-283](https://github.com/docling-project/docling/blob/f7244a43/document_converter.py#L247-L283) [datamodel/settings.py](https://github.com/docling-project/docling/blob/f7244a43/datamodel/settings.py) [datamodel/document.py104-191](https://github.com/docling-project/docling/blob/f7244a43/datamodel/document.py#L104-L191)",
    "metadata": {
      "source": "_docling-project_docling_7.3-usage-examples.md",
      "heading": "Batch Processing",
      "heading_level": 2,
      "chunk_index": 2,
      "collection": "docling",
      "char_count": 1340,
      "estimated_tokens": 335,
      "total_chunks": 25
    }
  },
  {
    "chunk_id": "docling:_docling-project_docling_7.3-usage-examples.md:chunk:3",
    "content": "### PDF Pipeline Configuration\n\n\nCustomize PDF processing with `PdfPipelineOptions`:\n\n```\n```\n\n**Pipeline Options Hierarchy:**\n\n```\n```\n\nSources: [datamodel/pipeline\\_options.py273-363](https://github.com/docling-project/docling/blob/f7244a43/datamodel/pipeline_options.py#L273-L363) [datamodel/pipeline\\_options.py334-363](https://github.com/docling-project/docling/blob/f7244a43/datamodel/pipeline_options.py#L334-L363)",
    "metadata": {
      "source": "_docling-project_docling_7.3-usage-examples.md",
      "heading": "PDF Pipeline Configuration",
      "heading_level": 3,
      "chunk_index": 3,
      "collection": "docling",
      "char_count": 421,
      "estimated_tokens": 105,
      "total_chunks": 25
    }
  },
  {
    "chunk_id": "docling:_docling-project_docling_7.3-usage-examples.md:chunk:4",
    "content": "### OCR Configuration\n\n\nConfigure OCR engines and languages:\n\n```\n```\n\n**OCR Engine Selection:**\n\n| Engine    | Class                 | Best For                     | Platform   |\n| --------- | --------------------- | ---------------------------- | ---------- |\n| Auto      | `OcrAutoOptions`      | Automatic fallback selection | All        |\n| RapidOCR  | `RapidOcrOptions`     | Fast, multilingual, ONNX     | All        |\n| Tesseract | `TesseractOcrOptions` | Accurate, widely supported   | All        |\n| EasyOCR   | `EasyOcrOptions`      | Deep learning, 80+ languages | All        |\n| OcrMac    | `OcrMacOptions`       | Native macOS OCR             | macOS only |\n\nThe `OcrAutoModel` automatically selects the best available engine in this order: OcrMac (Darwin), RapidOCR (ONNX), EasyOCR, RapidOCR (Torch), Tesseract [models/ocr/ocr\\_auto\\_model.py](https://github.com/docling-project/docling/blob/f7244a43/models/ocr/ocr_auto_model.py)\n\nSources: [datamodel/pipeline\\_options.py74-198](https://github.com/docling-project/docling/blob/f7244a43/datamodel/pipeline_options.py#L74-L198) [cli/main.py599-611](https://github.com/docling-project/docling/blob/f7244a43/cli/main.py#L599-L611)",
    "metadata": {
      "source": "_docling-project_docling_7.3-usage-examples.md",
      "heading": "OCR Configuration",
      "heading_level": 3,
      "chunk_index": 4,
      "collection": "docling",
      "char_count": 1192,
      "estimated_tokens": 298,
      "total_chunks": 25
    }
  },
  {
    "chunk_id": "docling:_docling-project_docling_7.3-usage-examples.md:chunk:5",
    "content": "### Enrichment Models\n\n\nEnable content enrichment for code, formulas, and figures:\n\n```\n```\n\nEnrichment models run after document assembly on individual items, not pages [pipeline/base\\_pipeline.py](https://github.com/docling-project/docling/blob/f7244a43/pipeline/base_pipeline.py)\n\nSources: [datamodel/pipeline\\_options.py201-245](https://github.com/docling-project/docling/blob/f7244a43/datamodel/pipeline_options.py#L201-L245) [datamodel/pipeline\\_options.py283-298](https://github.com/docling-project/docling/blob/f7244a43/datamodel/pipeline_options.py#L283-L298)",
    "metadata": {
      "source": "_docling-project_docling_7.3-usage-examples.md",
      "heading": "Enrichment Models",
      "heading_level": 3,
      "chunk_index": 5,
      "collection": "docling",
      "char_count": 568,
      "estimated_tokens": 142,
      "total_chunks": 25
    }
  },
  {
    "chunk_id": "docling:_docling-project_docling_7.3-usage-examples.md:chunk:6",
    "content": "### Local VLM Processing\n\n\nUse vision-language models for end-to-end document understanding:\n\n```\n```",
    "metadata": {
      "source": "_docling-project_docling_7.3-usage-examples.md",
      "heading": "Local VLM Processing",
      "heading_level": 3,
      "chunk_index": 6,
      "collection": "docling",
      "char_count": 101,
      "estimated_tokens": 25,
      "total_chunks": 25
    }
  },
  {
    "chunk_id": "docling:_docling-project_docling_7.3-usage-examples.md:chunk:7",
    "content": "### VLM Model Selection\n\n\n**Available Models:**\n\n| Model Spec Constant           | Model ID                                  | Framework    | Device       | Output Format |\n| ----------------------------- | ----------------------------------------- | ------------ | ------------ | ------------- |\n| `GRANITEDOCLING_TRANSFORMERS` | ibm-granite/granite-docling-258M          | Transformers | CPU/CUDA/MPS | DocTags       |\n| `GRANITEDOCLING_MLX`          | ibm-granite/granite-docling-258M-mlx-bf16 | MLX          | MPS          | DocTags       |\n| `SMOLDOCLING_TRANSFORMERS`    | ds4sd/SmolDocling-256M-preview            | Transformers | CPU/CUDA/MPS | DocTags       |\n| `SMOLDOCLING_MLX`             | ds4sd/SmolDocling-256M-preview-mlx-bf16   | MLX          | MPS          | DocTags       |\n| `GRANITE_VISION_TRANSFORMERS` | ibm-granite/granite-vision-3.2-2b         | Transformers | CPU/CUDA/MPS | Markdown      |\n| `GOT2_TRANSFORMERS`           | ucaslcl/GOT-OCR2\\_0                       | Transformers | CPU/CUDA     | HTML          |\n\nFor Apple Silicon, MLX models provide significantly faster inference (\\~17x faster than Transformers) [docs/usage/vision\\_models.md46-58](https://github.com/docling-project/docling/blob/f7244a43/docs/usage/vision_models.md#L46-L58)\n\n```\n```\n\n**VLM Pipeline Flow:**\n\n```\n```\n\nSources: [docs/examples/minimal\\_vlm\\_pipeline.py1-71](https://github.com/docling-project/docling/blob/f7244a43/docs/examples/minimal_vlm_pipeline.py#L1-L71) [datamodel/vlm\\_model\\_specs.py](https://github.com/docling-project/docling/blob/f7244a43/datamodel/vlm_model_specs.py) [docs/usage/vision\\_models.md1-124](https://github.com/docling-project/docling/blob/f7244a43/docs/usage/vision_models.md#L1-L124)",
    "metadata": {
      "source": "_docling-project_docling_7.3-usage-examples.md",
      "heading": "VLM Model Selection",
      "heading_level": 3,
      "chunk_index": 7,
      "collection": "docling",
      "char_count": 1724,
      "estimated_tokens": 431,
      "total_chunks": 25
    }
  },
  {
    "chunk_id": "docling:_docling-project_docling_7.3-usage-examples.md:chunk:8",
    "content": "### Remote VLM via API\n\n\nConnect to VLM services via OpenAI-compatible API:\n\n```\n```\n\nThe API client sends page images as base64-encoded content and parses the response [models/vlm/api\\_vlm\\_model.py](https://github.com/docling-project/docling/blob/f7244a43/models/vlm/api_vlm_model.py)\n\nSources: [datamodel/pipeline\\_options\\_vlm\\_model.py29-69](https://github.com/docling-project/docling/blob/f7244a43/datamodel/pipeline_options_vlm_model.py#L29-L69) [docs/usage/vision\\_models.md116-124](https://github.com/docling-project/docling/blob/f7244a43/docs/usage/vision_models.md#L116-L124)",
    "metadata": {
      "source": "_docling-project_docling_7.3-usage-examples.md",
      "heading": "Remote VLM via API",
      "heading_level": 3,
      "chunk_index": 8,
      "collection": "docling",
      "char_count": 586,
      "estimated_tokens": 146,
      "total_chunks": 25
    }
  },
  {
    "chunk_id": "docling:_docling-project_docling_7.3-usage-examples.md:chunk:9",
    "content": "### Custom VLM Configuration\n\n\nDefine custom VLM models:\n\n```\n```\n\nSources: [docs/usage/vision\\_models.md88-113](https://github.com/docling-project/docling/blob/f7244a43/docs/usage/vision_models.md#L88-L113) [datamodel/pipeline\\_options\\_vlm\\_model.py71-167](https://github.com/docling-project/docling/blob/f7244a43/datamodel/pipeline_options_vlm_model.py#L71-L167)",
    "metadata": {
      "source": "_docling-project_docling_7.3-usage-examples.md",
      "heading": "Custom VLM Configuration",
      "heading_level": 3,
      "chunk_index": 9,
      "collection": "docling",
      "char_count": 365,
      "estimated_tokens": 91,
      "total_chunks": 25
    }
  },
  {
    "chunk_id": "docling:_docling-project_docling_7.3-usage-examples.md:chunk:10",
    "content": "### PDF Backend Options\n\n\nChoose between different PDF backends for varying performance and compatibility:\n\n```\n```\n\n**Backend Comparison:**\n\n| Backend                       | Text Extraction                   | Coordinate System | Layout Postprocessing |\n| ----------------------------- | --------------------------------- | ----------------- | --------------------- |\n| DoclingParseV4DocumentBackend | docling-parse (chars/words/lines) | Native            | Yes                   |\n| DoclingParseV2DocumentBackend | docling-parse (sanitized)         | Native            | Yes                   |\n| DoclingParseDocumentBackend   | docling-parse (legacy)            | Native            | No                    |\n| PyPdfiumDocumentBackend       | pypdfium2 only                    | Custom transform  | No                    |\n\nDoclingParseV4Backend is recommended for best quality and performance [backend/docling\\_parse\\_v4\\_backend.py](https://github.com/docling-project/docling/blob/f7244a43/backend/docling_parse_v4_backend.py)\n\nSources: [cli/main.py645-655](https://github.com/docling-project/docling/blob/f7244a43/cli/main.py#L645-L655) [document\\_converter.py132-181](https://github.com/docling-project/docling/blob/f7244a43/document_converter.py#L132-L181)",
    "metadata": {
      "source": "_docling-project_docling_7.3-usage-examples.md",
      "heading": "PDF Backend Options",
      "heading_level": 3,
      "chunk_index": 10,
      "collection": "docling",
      "char_count": 1264,
      "estimated_tokens": 316,
      "total_chunks": 25
    }
  },
  {
    "chunk_id": "docling:_docling-project_docling_7.3-usage-examples.md:chunk:11",
    "content": "### Office and Specialized Formats\n\n\nDocling automatically selects appropriate backends for different formats:\n\n```\n```\n\n**Format-Specific Backends:**\n\n| Input Format | Backend Class                                  | Library Used  |\n| ------------ | ---------------------------------------------- | ------------- |\n| DOCX         | `MsWordDocumentBackend`                        | python-docx   |\n| XLSX         | `MsExcelDocumentBackend`                       | openpyxl      |\n| PPTX         | `MsPowerpointDocumentBackend`                  | python-pptx   |\n| HTML         | `HTMLDocumentBackend`                          | BeautifulSoup |\n| MD           | `MarkdownDocumentBackend`                      | marko         |\n| XML\\_JATS    | `JatsDocumentBackend`                          | xml.etree     |\n| XML\\_USPTO   | `PatentUsptoDocumentBackend`                   | xml.etree     |\n| METS\\_GBS    | `MetsGbsDocumentBackend`                       | tarfile + xml |\n| CSV          | `CsvDocumentBackend`                           | csv           |\n| AUDIO        | `NoOpBackend` (AsrPipeline handles processing) | -             |\n\nSources: [document\\_converter.py72-181](https://github.com/docling-project/docling/blob/f7244a43/document_converter.py#L72-L181) [cli/main.py678-697](https://github.com/docling-project/docling/blob/f7244a43/cli/main.py#L678-L697)",
    "metadata": {
      "source": "_docling-project_docling_7.3-usage-examples.md",
      "heading": "Office and Specialized Formats",
      "heading_level": 3,
      "chunk_index": 11,
      "collection": "docling",
      "char_count": 1366,
      "estimated_tokens": 341,
      "total_chunks": 25
    }
  },
  {
    "chunk_id": "docling:_docling-project_docling_7.3-usage-examples.md:chunk:12",
    "content": "### Export Formats\n\n\nExport `DoclingDocument` to various formats:\n\n```\n```\n\n**Image Reference Modes:**\n\n| Mode          | Description                                 | Use Case                     |\n| ------------- | ------------------------------------------- | ---------------------------- |\n| `EMBEDDED`    | Base64-encoded images in document           | Self-contained output        |\n| `REFERENCED`  | Images saved separately, referenced by path | Large documents, web serving |\n| `PLACEHOLDER` | Position markers only, no image data        | Text-only workflows          |\n\nSources: [cli/main.py191-289](https://github.com/docling-project/docling/blob/f7244a43/cli/main.py#L191-L289) [docling\\_core exported via datamodel/document.py](<https://github.com/docling-project/docling/blob/f7244a43/docling_core exported via datamodel/document.py>)",
    "metadata": {
      "source": "_docling-project_docling_7.3-usage-examples.md",
      "heading": "Export Formats",
      "heading_level": 3,
      "chunk_index": 12,
      "collection": "docling",
      "char_count": 848,
      "estimated_tokens": 212,
      "total_chunks": 25
    }
  },
  {
    "chunk_id": "docling:_docling-project_docling_7.3-usage-examples.md:chunk:13",
    "content": "### Extracting Tables and Figures\n\n\nAccess structured elements from the document:\n\n```\n```\n\nSources: [docling\\_core.types.doc via datamodel/document.py24-32](<https://github.com/docling-project/docling/blob/f7244a43/docling_core.types.doc via datamodel/document.py#L24-L32>)",
    "metadata": {
      "source": "_docling-project_docling_7.3-usage-examples.md",
      "heading": "Extracting Tables and Figures",
      "heading_level": 3,
      "chunk_index": 13,
      "collection": "docling",
      "char_count": 274,
      "estimated_tokens": 68,
      "total_chunks": 25
    }
  },
  {
    "chunk_id": "docling:_docling-project_docling_7.3-usage-examples.md:chunk:14",
    "content": "### Page-by-Page Processing\n\n\nAccess page-level data for progressive processing:\n\n```\n```\n\nSources: [datamodel/base\\_models.py269-328](https://github.com/docling-project/docling/blob/f7244a43/datamodel/base_models.py#L269-L328)",
    "metadata": {
      "source": "_docling-project_docling_7.3-usage-examples.md",
      "heading": "Page-by-Page Processing",
      "heading_level": 3,
      "chunk_index": 14,
      "collection": "docling",
      "char_count": 227,
      "estimated_tokens": 56,
      "total_chunks": 25
    }
  },
  {
    "chunk_id": "docling:_docling-project_docling_7.3-usage-examples.md:chunk:15",
    "content": "### Accelerator Options\n\n\nControl device placement and threading:\n\n```\n```\n\n**Device Selection:**\n\n| Device | Description                               | Environment Variable  |\n| ------ | ----------------------------------------- | --------------------- |\n| `AUTO` | Automatic selection based on availability | `DOCLING_DEVICE=auto` |\n| `CPU`  | CPU-only processing                       | `DOCLING_DEVICE=cpu`  |\n| `CUDA` | NVIDIA GPU acceleration                   | `DOCLING_DEVICE=cuda` |\n| `MPS`  | Apple Metal Performance Shaders           | `DOCLING_DEVICE=mps`  |\n\nThe `AUTO` device selects: MPS (macOS) > CUDA (if available) > CPU [datamodel/accelerator\\_options.py](https://github.com/docling-project/docling/blob/f7244a43/datamodel/accelerator_options.py)\n\nSources: [datamodel/accelerator\\_options.py](https://github.com/docling-project/docling/blob/f7244a43/datamodel/accelerator_options.py) [datamodel/pipeline\\_options.py276-281](https://github.com/docling-project/docling/blob/f7244a43/datamodel/pipeline_options.py#L276-L281)",
    "metadata": {
      "source": "_docling-project_docling_7.3-usage-examples.md",
      "heading": "Accelerator Options",
      "heading_level": 3,
      "chunk_index": 15,
      "collection": "docling",
      "char_count": 1042,
      "estimated_tokens": 260,
      "total_chunks": 25
    }
  },
  {
    "chunk_id": "docling:_docling-project_docling_7.3-usage-examples.md:chunk:16",
    "content": "### Document Limits and Timeouts\n\n\nEnforce processing constraints:\n\n```\n```\n\nSources: [datamodel/settings.py](https://github.com/docling-project/docling/blob/f7244a43/datamodel/settings.py) [document\\_converter.py233-244](https://github.com/docling-project/docling/blob/f7244a43/document_converter.py#L233-L244)",
    "metadata": {
      "source": "_docling-project_docling_7.3-usage-examples.md",
      "heading": "Document Limits and Timeouts",
      "heading_level": 3,
      "chunk_index": 16,
      "collection": "docling",
      "char_count": 311,
      "estimated_tokens": 77,
      "total_chunks": 25
    }
  },
  {
    "chunk_id": "docling:_docling-project_docling_7.3-usage-examples.md:chunk:17",
    "content": "### Pipeline Caching\n\n\nThe converter automatically caches pipeline instances based on `(pipeline_class, options_hash)` to avoid redundant model loading:\n\n```\n```\n\n**Pipeline Cache Key:**\n\n```\n```\n\nThis caching is thread-safe and significantly improves performance when processing multiple documents with identical configurations [document\\_converter.py207-217](https://github.com/docling-project/docling/blob/f7244a43/document_converter.py#L207-L217) [document\\_converter.py351-378](https://github.com/docling-project/docling/blob/f7244a43/document_converter.py#L351-L378)\n\nSources: [document\\_converter.py203-210](https://github.com/docling-project/docling/blob/f7244a43/document_converter.py#L203-L210) [document\\_converter.py351-378](https://github.com/docling-project/docling/blob/f7244a43/document_converter.py#L351-L378)",
    "metadata": {
      "source": "_docling-project_docling_7.3-usage-examples.md",
      "heading": "Pipeline Caching",
      "heading_level": 3,
      "chunk_index": 17,
      "collection": "docling",
      "char_count": 826,
      "estimated_tokens": 206,
      "total_chunks": 25
    }
  },
  {
    "chunk_id": "docling:_docling-project_docling_7.3-usage-examples.md:chunk:18",
    "content": "### Performance Tuning\n\n\nControl batch sizes and concurrency for optimal performance:\n\n```\n```\n\nThe threaded PDF pipeline uses a stage graph with bounded queues to process pages in parallel across multiple stages (preprocess → OCR → layout → table → assemble) [pipeline/threaded\\_standard\\_pdf\\_pipeline.py](https://github.com/docling-project/docling/blob/f7244a43/pipeline/threaded_standard_pdf_pipeline.py)\n\nSources: [datamodel/settings.py](https://github.com/docling-project/docling/blob/f7244a43/datamodel/settings.py) [datamodel/pipeline\\_options.py371-384](https://github.com/docling-project/docling/blob/f7244a43/datamodel/pipeline_options.py#L371-L384)",
    "metadata": {
      "source": "_docling-project_docling_7.3-usage-examples.md",
      "heading": "Performance Tuning",
      "heading_level": 3,
      "chunk_index": 18,
      "collection": "docling",
      "char_count": 660,
      "estimated_tokens": 165,
      "total_chunks": 25
    }
  },
  {
    "chunk_id": "docling:_docling-project_docling_7.3-usage-examples.md:chunk:19",
    "content": "### Custom Format Options\n\n\nCreate custom format configurations:\n\n```\n```\n\nSources: [document\\_converter.py62-70](https://github.com/docling-project/docling/blob/f7244a43/document_converter.py#L62-L70) [datamodel/base\\_models.py36-42](https://github.com/docling-project/docling/blob/f7244a43/datamodel/base_models.py#L36-L42)",
    "metadata": {
      "source": "_docling-project_docling_7.3-usage-examples.md",
      "heading": "Custom Format Options",
      "heading_level": 3,
      "chunk_index": 19,
      "collection": "docling",
      "char_count": 325,
      "estimated_tokens": 81,
      "total_chunks": 25
    }
  },
  {
    "chunk_id": "docling:_docling-project_docling_7.3-usage-examples.md:chunk:20",
    "content": "### Error Handling and Logging\n\n\nImplement robust error handling:\n\n```\n```\n\n**Error Components:**\n\n| Component Type     | Description                    |\n| ------------------ | ------------------------------ |\n| `DOCUMENT_BACKEND` | Backend parsing errors         |\n| `MODEL`            | AI model inference errors      |\n| `DOC_ASSEMBLER`    | Document assembly errors       |\n| `USER_INPUT`       | Invalid input or configuration |\n\nSources: [datamodel/base\\_models.py147-157](https://github.com/docling-project/docling/blob/f7244a43/datamodel/base_models.py#L147-L157) [datamodel/document.py198-215](https://github.com/docling-project/docling/blob/f7244a43/datamodel/document.py#L198-L215)",
    "metadata": {
      "source": "_docling-project_docling_7.3-usage-examples.md",
      "heading": "Error Handling and Logging",
      "heading_level": 3,
      "chunk_index": 20,
      "collection": "docling",
      "char_count": 693,
      "estimated_tokens": 173,
      "total_chunks": 25
    }
  },
  {
    "chunk_id": "docling:_docling-project_docling_7.3-usage-examples.md:chunk:21",
    "content": "### Working with Streams\n\n\nConvert documents from in-memory streams:\n\n```\n```\n\nSources: [document\\_converter.py285-311](https://github.com/docling-project/docling/blob/f7244a43/document_converter.py#L285-L311) [datamodel/base\\_models.py16](https://github.com/docling-project/docling/blob/f7244a43/datamodel/base_models.py#L16-L16)",
    "metadata": {
      "source": "_docling-project_docling_7.3-usage-examples.md",
      "heading": "Working with Streams",
      "heading_level": 3,
      "chunk_index": 21,
      "collection": "docling",
      "char_count": 330,
      "estimated_tokens": 82,
      "total_chunks": 25
    }
  },
  {
    "chunk_id": "docling:_docling-project_docling_7.3-usage-examples.md:chunk:22",
    "content": "### Profiling and Performance Metrics\n\n\nAccess timing information from conversion results:\n\n```\n```\n\n**Quality Grades:**\n\n| Grade     | Score Range | Description                |\n| --------- | ----------- | -------------------------- |\n| EXCELLENT | ≥ 0.9       | High-quality conversion    |\n| GOOD      | 0.8 - 0.9   | Good conversion quality    |\n| FAIR      | 0.5 - 0.8   | Acceptable but with issues |\n| POOR      | < 0.5       | Low quality, review needed |\n\nSources: [datamodel/document.py206-207](https://github.com/docling-project/docling/blob/f7244a43/datamodel/document.py#L206-L207) [datamodel/base\\_models.py366-453](https://github.com/docling-project/docling/blob/f7244a43/datamodel/base_models.py#L366-L453)",
    "metadata": {
      "source": "_docling-project_docling_7.3-usage-examples.md",
      "heading": "Profiling and Performance Metrics",
      "heading_level": 3,
      "chunk_index": 22,
      "collection": "docling",
      "char_count": 722,
      "estimated_tokens": 180,
      "total_chunks": 25
    }
  },
  {
    "chunk_id": "docling:_docling-project_docling_7.3-usage-examples.md:chunk:23",
    "content": "## Complete Example: Production Pipeline\n\n\nHere's a comprehensive example combining multiple features:\n\n```\n```\n\nSources: [document\\_converter.py184-433](https://github.com/docling-project/docling/blob/f7244a43/document_converter.py#L184-L433) [datamodel/pipeline\\_options.py334-363](https://github.com/docling-project/docling/blob/f7244a43/datamodel/pipeline_options.py#L334-L363) [cli/main.py299-816](https://github.com/docling-project/docling/blob/f7244a43/cli/main.py#L299-L816)\n\nDismiss\n\nRefresh this wiki\n\nThis wiki was recently refreshed. Please wait 4 days to refresh again.",
    "metadata": {
      "source": "_docling-project_docling_7.3-usage-examples.md",
      "heading": "Complete Example: Production Pipeline",
      "heading_level": 2,
      "chunk_index": 23,
      "collection": "docling",
      "char_count": 582,
      "estimated_tokens": 145,
      "total_chunks": 25
    }
  },
  {
    "chunk_id": "docling:_docling-project_docling_7.3-usage-examples.md:chunk:24",
    "content": "### On this page\n\n\n- [Usage Examples](#usage-examples.md)\n- [Basic Document Conversion](#basic-document-conversion.md)\n- [Batch Processing](#batch-processing.md)\n- [Customizing Pipeline Options](#customizing-pipeline-options.md)\n- [PDF Pipeline Configuration](#pdf-pipeline-configuration.md)\n- [OCR Configuration](#ocr-configuration.md)\n- [Enrichment Models](#enrichment-models.md)\n- [Using Vision Language Models](#using-vision-language-models.md)\n- [Local VLM Processing](#local-vlm-processing.md)\n- [VLM Model Selection](#vlm-model-selection.md)\n- [Remote VLM via API](#remote-vlm-via-api.md)\n- [Custom VLM Configuration](#custom-vlm-configuration.md)\n- [Backend Selection](#backend-selection.md)\n- [PDF Backend Options](#pdf-backend-options.md)\n- [Office and Specialized Formats](#office-and-specialized-formats.md)\n- [Output and Export](#output-and-export.md)\n- [Export Formats](#export-formats.md)\n- [Extracting Tables and Figures](#extracting-tables-and-figures.md)\n- [Page-by-Page Processing](#page-by-page-processing.md)\n- [Advanced Configuration](#advanced-configuration.md)\n- [Accelerator Options](#accelerator-options.md)\n- [Document Limits and Timeouts](#document-limits-and-timeouts.md)\n- [Pipeline Caching](#pipeline-caching.md)\n- [Performance Tuning](#performance-tuning.md)\n- [Integration Patterns](#integration-patterns.md)\n- [Custom Format Options](#custom-format-options.md)\n- [Error Handling and Logging](#error-handling-and-logging.md)\n- [Working with Streams](#working-with-streams.md)\n- [Profiling and Performance Metrics](#profiling-and-performance-metrics.md)\n- [Complete Example: Production Pipeline](#complete-example-production-pipeline.md)",
    "metadata": {
      "source": "_docling-project_docling_7.3-usage-examples.md",
      "heading": "On this page",
      "heading_level": 3,
      "chunk_index": 24,
      "collection": "docling",
      "char_count": 1669,
      "estimated_tokens": 417,
      "total_chunks": 25
    }
  }
]