[
  {
    "chunk_id": "docling:_docling-project_docling_7.1-documentconverter-api.md:chunk:0",
    "content": "# DocumentConverter API\n\n\nRelevant source files",
    "metadata": {
      "source": "_docling-project_docling_7.1-documentconverter-api.md",
      "heading": "DocumentConverter API",
      "heading_level": 1,
      "chunk_index": 0,
      "collection": "docling",
      "char_count": 47,
      "estimated_tokens": 11,
      "total_chunks": 20
    }
  },
  {
    "chunk_id": "docling:_docling-project_docling_7.1-documentconverter-api.md:chunk:1",
    "content": "- [docling/cli/main.py](https://github.com/docling-project/docling/blob/f7244a43/docling/cli/main.py)\n- [docling/datamodel/base\\_models.py](https://github.com/docling-project/docling/blob/f7244a43/docling/datamodel/base_models.py)\n- [docling/datamodel/document.py](https://github.com/docling-project/docling/blob/f7244a43/docling/datamodel/document.py)\n- [docling/datamodel/extraction.py](https://github.com/docling-project/docling/blob/f7244a43/docling/datamodel/extraction.py)\n- [docling/datamodel/pipeline\\_options.py](https://github.com/docling-project/docling/blob/f7244a43/docling/datamodel/pipeline_options.py)\n- [docling/document\\_converter.py](https://github.com/docling-project/docling/blob/f7244a43/docling/document_converter.py)\n- [docling/document\\_extractor.py](https://github.com/docling-project/docling/blob/f7244a43/docling/document_extractor.py)\n- [docling/models/vlm\\_models\\_inline/nuextract\\_transformers\\_model.py](https://github.com/docling-project/docling/blob/f7244a43/docling/models/vlm_models_inline/nuextract_transformers_model.py)\n- [docling/pipeline/asr\\_pipeline.py](https://github.com/docling-project/docling/blob/f7244a43/docling/pipeline/asr_pipeline.py)\n- [docling/pipeline/base\\_extraction\\_pipeline.py](https://github.com/docling-project/docling/blob/f7244a43/docling/pipeline/base_extraction_pipeline.py)\n- [docling/pipeline/base\\_pipeline.py](https://github.com/docling-project/docling/blob/f7244a43/docling/pipeline/base_pipeline.py)\n- [docling/pipeline/extraction\\_vlm\\_pipeline.py](https://github.com/docling-project/docling/blob/f7244a43/docling/pipeline/extraction_vlm_pipeline.py)\n- [docling/pipeline/simple\\_pipeline.py](https://github.com/docling-project/docling/blob/f7244a43/docling/pipeline/simple_pipeline.py)\n- [docling/pipeline/threaded\\_standard\\_pdf\\_pipeline.py](https://github.com/docling-project/docling/blob/f7244a43/docling/pipeline/threaded_standard_pdf_pipeline.py)\n- [docling/pipeline/vlm\\_pipeline.py](https://github.com/docling-project/docling/blob/f7244a43/docling/pipeline/vlm_pipeline.py)",
    "metadata": {
      "source": "_docling-project_docling_7.1-documentconverter-api.md",
      "heading": "DocumentConverter API",
      "heading_level": 1,
      "chunk_index": 1,
      "collection": "docling",
      "char_count": 2056,
      "estimated_tokens": 514,
      "total_chunks": 20
    }
  },
  {
    "chunk_id": "docling:_docling-project_docling_7.1-documentconverter-api.md:chunk:2",
    "content": "ing/blob/f7244a43/docling/pipeline/threaded_standard_pdf_pipeline.py)\n- [docling/pipeline/vlm\\_pipeline.py](https://github.com/docling-project/docling/blob/f7244a43/docling/pipeline/vlm_pipeline.py)\n\nThe DocumentConverter API provides the primary programmatic interface for converting documents using Docling. This API orchestrates the entire conversion process from input documents to structured `DoclingDocument` representations, handling format detection, backend selection, pipeline execution, and error management.\n\nFor information about the underlying processing pipelines, see [Processing Pipelines](docling-project/docling/5-processing-pipelines.md). For details about the output document structure, see [DoclingDocument Data Model](docling-project/docling/2.2-doclingdocument-data-model.md). For command-line usage, see [Command Line Interface](docling-project/docling/6-command-line-interface.md).",
    "metadata": {
      "source": "_docling-project_docling_7.1-documentconverter-api.md",
      "heading": "DocumentConverter API",
      "heading_level": 1,
      "chunk_index": 2,
      "collection": "docling",
      "char_count": 907,
      "estimated_tokens": 226,
      "total_chunks": 20
    }
  },
  {
    "chunk_id": "docling:_docling-project_docling_7.1-documentconverter-api.md:chunk:3",
    "content": "## Core DocumentConverter Class\n\n\nThe `DocumentConverter` class serves as the central orchestrator for all document conversion operations. It manages format options, initializes processing pipelines, and coordinates the conversion workflow from input to output.",
    "metadata": {
      "source": "_docling-project_docling_7.1-documentconverter-api.md",
      "heading": "Core DocumentConverter Class",
      "heading_level": 2,
      "chunk_index": 3,
      "collection": "docling",
      "char_count": 261,
      "estimated_tokens": 65,
      "total_chunks": 20
    }
  },
  {
    "chunk_id": "docling:_docling-project_docling_7.1-documentconverter-api.md:chunk:4",
    "content": "### Class Architecture\n\n\n```\n```\n\nSources: [docling/document\\_converter.py180-429](https://github.com/docling-project/docling/blob/f7244a43/docling/document_converter.py#L180-L429) [docling/datamodel/document.py104-192](https://github.com/docling-project/docling/blob/f7244a43/docling/datamodel/document.py#L104-L192) [docling/datamodel/document.py198-216](https://github.com/docling-project/docling/blob/f7244a43/docling/datamodel/document.py#L198-L216) [docling/datamodel/base\\_models.py39-46](https://github.com/docling-project/docling/blob/f7244a43/docling/datamodel/base_models.py#L39-L46)",
    "metadata": {
      "source": "_docling-project_docling_7.1-documentconverter-api.md",
      "heading": "Class Architecture",
      "heading_level": 3,
      "chunk_index": 4,
      "collection": "docling",
      "char_count": 594,
      "estimated_tokens": 148,
      "total_chunks": 20
    }
  },
  {
    "chunk_id": "docling:_docling-project_docling_7.1-documentconverter-api.md:chunk:5",
    "content": "### Initialization and Configuration\n\n\nThe `DocumentConverter` constructor accepts format restrictions and custom format options:\n\n| Parameter         | Type                                        | Description                                       |\n| ----------------- | ------------------------------------------- | ------------------------------------------------- |\n| `allowed_formats` | `Optional[List[InputFormat]]`               | Restricts which document formats can be processed |\n| `format_options`  | `Optional[Dict[InputFormat, FormatOption]]` | Custom backend/pipeline configurations per format |\n\nWhen no custom options are provided, the converter uses default configurations defined in `_get_default_option()` which maps each `InputFormat` to appropriate backend and pipeline combinations.\n\nSources: [docling/document\\_converter.py183-201](https://github.com/docling-project/docling/blob/f7244a43/docling/document_converter.py#L183-L201) [docling/document\\_converter.py131-178](https://github.com/docling-project/docling/blob/f7244a43/docling/document_converter.py#L131-L178)",
    "metadata": {
      "source": "_docling-project_docling_7.1-documentconverter-api.md",
      "heading": "Initialization and Configuration",
      "heading_level": 3,
      "chunk_index": 5,
      "collection": "docling",
      "char_count": 1091,
      "estimated_tokens": 272,
      "total_chunks": 20
    }
  },
  {
    "chunk_id": "docling:_docling-project_docling_7.1-documentconverter-api.md:chunk:6",
    "content": "### InputDocument Model\n\n\nThe `InputDocument` class represents a validated input document ready for processing:\n\n```\n```\n\nSources: [docling/datamodel/document.py104-192](https://github.com/docling-project/docling/blob/f7244a43/docling/datamodel/document.py#L104-L192) [docling/datamodel/base\\_models.py57-74](https://github.com/docling-project/docling/blob/f7244a43/docling/datamodel/base_models.py#L57-L74)",
    "metadata": {
      "source": "_docling-project_docling_7.1-documentconverter-api.md",
      "heading": "InputDocument Model",
      "heading_level": 3,
      "chunk_index": 6,
      "collection": "docling",
      "char_count": 407,
      "estimated_tokens": 101,
      "total_chunks": 20
    }
  },
  {
    "chunk_id": "docling:_docling-project_docling_7.1-documentconverter-api.md:chunk:7",
    "content": "### ConversionResult Model\n\n\nThe `ConversionResult` class encapsulates the complete output of a conversion operation:\n\n| Field        | Type                       | Description                              |\n| ------------ | -------------------------- | ---------------------------------------- |\n| `input`      | `InputDocument`            | Original input document metadata         |\n| `status`     | `ConversionStatus`         | Success/failure status                   |\n| `errors`     | `List[ErrorItem]`          | Error details if conversion failed       |\n| `document`   | `DoclingDocument`          | Final structured document representation |\n| `timings`    | `Dict[str, ProfilingItem]` | Performance metrics per processing stage |\n| `confidence` | `ConfidenceReport`         | Quality confidence scores                |\n\nSources: [docling/datamodel/document.py198-216](https://github.com/docling-project/docling/blob/f7244a43/docling/datamodel/document.py#L198-L216)",
    "metadata": {
      "source": "_docling-project_docling_7.1-documentconverter-api.md",
      "heading": "ConversionResult Model",
      "heading_level": 3,
      "chunk_index": 7,
      "collection": "docling",
      "char_count": 977,
      "estimated_tokens": 244,
      "total_chunks": 20
    }
  },
  {
    "chunk_id": "docling:_docling-project_docling_7.1-documentconverter-api.md:chunk:8",
    "content": "### Format Option System\n\n\nFormat options define how each input format should be processed by specifying the backend parser and processing pipeline:\n\n```\n```\n\nSources: [docling/document\\_converter.py61-130](https://github.com/docling-project/docling/blob/f7244a43/docling/document_converter.py#L61-L130) [docling/document\\_converter.py131-178](https://github.com/docling-project/docling/blob/f7244a43/docling/document_converter.py#L131-L178)",
    "metadata": {
      "source": "_docling-project_docling_7.1-documentconverter-api.md",
      "heading": "Format Option System",
      "heading_level": 3,
      "chunk_index": 8,
      "collection": "docling",
      "char_count": 441,
      "estimated_tokens": 110,
      "total_chunks": 20
    }
  },
  {
    "chunk_id": "docling:_docling-project_docling_7.1-documentconverter-api.md:chunk:9",
    "content": "### Built-in Format Options\n\n\n| Format Option Class    | Input Format | Backend                         | Pipeline              |\n| ---------------------- | ------------ | ------------------------------- | --------------------- |\n| `PdfFormatOption`      | PDF          | `DoclingParseV4DocumentBackend` | `StandardPdfPipeline` |\n| `WordFormatOption`     | DOCX         | `MsWordDocumentBackend`         | `SimplePipeline`      |\n| `ExcelFormatOption`    | XLSX         | `MsExcelDocumentBackend`        | `SimplePipeline`      |\n| `HTMLFormatOption`     | HTML         | `HTMLDocumentBackend`           | `SimplePipeline`      |\n| `MarkdownFormatOption` | MD           | `MarkdownDocumentBackend`       | `SimplePipeline`      |\n| `ImageFormatOption`    | IMAGE        | `DoclingParseV4DocumentBackend` | `StandardPdfPipeline` |\n| `AudioFormatOption`    | AUDIO        | `NoOpBackend`                   | `AsrPipeline`         |\n\nSources: [docling/document\\_converter.py71-129](https://github.com/docling-project/docling/blob/f7244a43/docling/document_converter.py#L71-L129)",
    "metadata": {
      "source": "_docling-project_docling_7.1-documentconverter-api.md",
      "heading": "Built-in Format Options",
      "heading_level": 3,
      "chunk_index": 9,
      "collection": "docling",
      "char_count": 1075,
      "estimated_tokens": 268,
      "total_chunks": 20
    }
  },
  {
    "chunk_id": "docling:_docling-project_docling_7.1-documentconverter-api.md:chunk:10",
    "content": "### Primary Conversion Methods\n\n\nThe `DocumentConverter` provides three main conversion entry points:",
    "metadata": {
      "source": "_docling-project_docling_7.1-documentconverter-api.md",
      "heading": "Primary Conversion Methods",
      "heading_level": 3,
      "chunk_index": 10,
      "collection": "docling",
      "char_count": 101,
      "estimated_tokens": 25,
      "total_chunks": 20
    }
  },
  {
    "chunk_id": "docling:_docling-project_docling_7.1-documentconverter-api.md:chunk:11",
    "content": "#### convert()\n\n\nProcesses a single document and returns a `ConversionResult`:\n\n```\n```\n\nSources: [docling/document\\_converter.py223-242](https://github.com/docling-project/docling/blob/f7244a43/docling/document_converter.py#L223-L242)",
    "metadata": {
      "source": "_docling-project_docling_7.1-documentconverter-api.md",
      "heading": "convert()",
      "heading_level": 4,
      "chunk_index": 11,
      "collection": "docling",
      "char_count": 235,
      "estimated_tokens": 58,
      "total_chunks": 20
    }
  },
  {
    "chunk_id": "docling:_docling-project_docling_7.1-documentconverter-api.md:chunk:12",
    "content": "#### convert\\_all()\n\n\nProcesses multiple documents and returns an iterator of `ConversionResult` objects:\n\n```\n```\n\nSources: [docling/document\\_converter.py243-280](https://github.com/docling-project/docling/blob/f7244a43/docling/document_converter.py#L243-L280)",
    "metadata": {
      "source": "_docling-project_docling_7.1-documentconverter-api.md",
      "heading": "convert\\_all()",
      "heading_level": 4,
      "chunk_index": 12,
      "collection": "docling",
      "char_count": 262,
      "estimated_tokens": 65,
      "total_chunks": 20
    }
  },
  {
    "chunk_id": "docling:_docling-project_docling_7.1-documentconverter-api.md:chunk:13",
    "content": "#### convert\\_string()\n\n\nConverts string content directly without file I/O:\n\n```\n```\n\nCurrently supports `InputFormat.MD` and `InputFormat.HTML`.\n\nSources: [docling/document\\_converter.py281-308](https://github.com/docling-project/docling/blob/f7244a43/docling/document_converter.py#L281-L308)",
    "metadata": {
      "source": "_docling-project_docling_7.1-documentconverter-api.md",
      "heading": "convert\\_string()",
      "heading_level": 4,
      "chunk_index": 13,
      "collection": "docling",
      "char_count": 293,
      "estimated_tokens": 73,
      "total_chunks": 20
    }
  },
  {
    "chunk_id": "docling:_docling-project_docling_7.1-documentconverter-api.md:chunk:14",
    "content": "### Conversion Pipeline Flow\n\n\n```\n```\n\nSources: [docling/document\\_converter.py309-345](https://github.com/docling-project/docling/blob/f7244a43/docling/document_converter.py#L309-L345) [docling/document\\_converter.py376-428](https://github.com/docling-project/docling/blob/f7244a43/docling/document_converter.py#L376-L428) [docling/datamodel/document.py241-279](https://github.com/docling-project/docling/blob/f7244a43/docling/datamodel/document.py#L241-L279)",
    "metadata": {
      "source": "_docling-project_docling_7.1-documentconverter-api.md",
      "heading": "Conversion Pipeline Flow",
      "heading_level": 3,
      "chunk_index": 14,
      "collection": "docling",
      "char_count": 461,
      "estimated_tokens": 115,
      "total_chunks": 20
    }
  },
  {
    "chunk_id": "docling:_docling-project_docling_7.1-documentconverter-api.md:chunk:15",
    "content": "### ConversionStatus Enumeration\n\n\nThe conversion process tracks status through the `ConversionStatus` enum:\n\n| Status            | Description                                   |\n| ----------------- | --------------------------------------------- |\n| `PENDING`         | Conversion not yet started                    |\n| `STARTED`         | Conversion in progress                        |\n| `SUCCESS`         | Conversion completed successfully             |\n| `PARTIAL_SUCCESS` | Conversion completed with some issues         |\n| `FAILURE`         | Conversion failed                             |\n| `SKIPPED`         | Conversion skipped due to format restrictions |\n\nSources: [docling/datamodel/base\\_models.py48-55](https://github.com/docling-project/docling/blob/f7244a43/docling/datamodel/base_models.py#L48-L55)",
    "metadata": {
      "source": "_docling-project_docling_7.1-documentconverter-api.md",
      "heading": "ConversionStatus Enumeration",
      "heading_level": 3,
      "chunk_index": 15,
      "collection": "docling",
      "char_count": 819,
      "estimated_tokens": 204,
      "total_chunks": 20
    }
  },
  {
    "chunk_id": "docling:_docling-project_docling_7.1-documentconverter-api.md:chunk:16",
    "content": "### Error Reporting\n\n\nErrors are captured in `ErrorItem` objects that include:\n\n| Field            | Type                   | Description                                |\n| ---------------- | ---------------------- | ------------------------------------------ |\n| `component_type` | `DoclingComponentType` | Which system component generated the error |\n| `module_name`    | `str`                  | Specific module that failed                |\n| `error_message`  | `str`                  | Human-readable error description           |\n\nThe `raises_on_error` parameter controls whether errors immediately raise exceptions or are captured in the `ConversionResult.errors` list.\n\nSources: [docling/datamodel/base\\_models.py154-158](https://github.com/docling-project/docling/blob/f7244a43/docling/datamodel/base_models.py#L154-L158) [docling/datamodel/base\\_models.py147-152](https://github.com/docling-project/docling/blob/f7244a43/docling/datamodel/base_models.py#L147-L152)",
    "metadata": {
      "source": "_docling-project_docling_7.1-documentconverter-api.md",
      "heading": "Error Reporting",
      "heading_level": 3,
      "chunk_index": 16,
      "collection": "docling",
      "char_count": 973,
      "estimated_tokens": 243,
      "total_chunks": 20
    }
  },
  {
    "chunk_id": "docling:_docling-project_docling_7.1-documentconverter-api.md:chunk:17",
    "content": "### Pipeline Caching and Reuse\n\n\nThe `DocumentConverter` maintains a cache of initialized pipelines to avoid expensive re-initialization:\n\n```\n```\n\nThe cache key combines the pipeline class and a hash of the pipeline options, allowing different configurations to coexist while reusing identical setups.\n\nSources: [docling/document\\_converter.py347-374](https://github.com/docling-project/docling/blob/f7244a43/docling/document_converter.py#L347-L374) [docling/document\\_converter.py208-214](https://github.com/docling-project/docling/blob/f7244a43/docling/document_converter.py#L208-L214)",
    "metadata": {
      "source": "_docling-project_docling_7.1-documentconverter-api.md",
      "heading": "Pipeline Caching and Reuse",
      "heading_level": 3,
      "chunk_index": 17,
      "collection": "docling",
      "char_count": 588,
      "estimated_tokens": 147,
      "total_chunks": 20
    }
  },
  {
    "chunk_id": "docling:_docling-project_docling_7.1-documentconverter-api.md:chunk:18",
    "content": "### Pipeline Selection Logic\n\n\nFormat options determine which pipeline class processes each document type:\n\n- **StandardPdfPipeline**: Advanced processing for PDFs and images with OCR, layout analysis, and table extraction\n- **SimplePipeline**: Direct parsing for structured formats like DOCX, HTML, Markdown\n- **AsrPipeline**: Speech recognition for audio formats\n\nSources: [docling/document\\_converter.py61-69](https://github.com/docling-project/docling/blob/f7244a43/docling/document_converter.py#L61-L69) [docling/document\\_converter.py215-222](https://github.com/docling-project/docling/blob/f7244a43/docling/document_converter.py#L215-L222)\n\nDismiss\n\nRefresh this wiki\n\nThis wiki was recently refreshed. Please wait 4 days to refresh again.",
    "metadata": {
      "source": "_docling-project_docling_7.1-documentconverter-api.md",
      "heading": "Pipeline Selection Logic",
      "heading_level": 3,
      "chunk_index": 18,
      "collection": "docling",
      "char_count": 746,
      "estimated_tokens": 186,
      "total_chunks": 20
    }
  },
  {
    "chunk_id": "docling:_docling-project_docling_7.1-documentconverter-api.md:chunk:19",
    "content": "### On this page\n\n\n- [DocumentConverter API](#documentconverter-api.md)\n- [Core DocumentConverter Class](#core-documentconverter-class.md)\n- [Class Architecture](#class-architecture.md)\n- [Initialization and Configuration](#initialization-and-configuration.md)\n- [Input and Output Models](#input-and-output-models.md)\n- [InputDocument Model](#inputdocument-model.md)\n- [ConversionResult Model](#conversionresult-model.md)\n- [Format Options and Backend Selection](#format-options-and-backend-selection.md)\n- [Format Option System](#format-option-system.md)\n- [Built-in Format Options](#built-in-format-options.md)\n- [Conversion Methods](#conversion-methods.md)\n- [Primary Conversion Methods](#primary-conversion-methods.md)\n- [convert()](#convert.md)\n- [convert\\_all()](#convert_all.md)\n- [convert\\_string()](#convert_string.md)\n- [Conversion Pipeline Flow](#conversion-pipeline-flow.md)\n- [Error Handling and Status](#error-handling-and-status.md)\n- [ConversionStatus Enumeration](#conversionstatus-enumeration.md)\n- [Error Reporting](#error-reporting.md)\n- [Pipeline Integration](#pipeline-integration.md)\n- [Pipeline Caching and Reuse](#pipeline-caching-and-reuse.md)\n- [Pipeline Selection Logic](#pipeline-selection-logic.md)",
    "metadata": {
      "source": "_docling-project_docling_7.1-documentconverter-api.md",
      "heading": "On this page",
      "heading_level": 3,
      "chunk_index": 19,
      "collection": "docling",
      "char_count": 1228,
      "estimated_tokens": 307,
      "total_chunks": 20
    }
  }
]