[
  {
    "chunk_id": "docling:_docling-project_docling_6.2-model-management-cli.md:chunk:0",
    "content": "# Model Management CLI\n\n\nRelevant source files\n\n- [.github/SECURITY.md](https://github.com/docling-project/docling/blob/f7244a43/.github/SECURITY.md)\n- [CHANGELOG.md](https://github.com/docling-project/docling/blob/f7244a43/CHANGELOG.md)\n- [CITATION.cff](https://github.com/docling-project/docling/blob/f7244a43/CITATION.cff)\n- [docling/cli/models.py](https://github.com/docling-project/docling/blob/f7244a43/docling/cli/models.py)\n- [docling/models/auto\\_ocr\\_model.py](https://github.com/docling-project/docling/blob/f7244a43/docling/models/auto_ocr_model.py)\n- [docling/models/picture\\_description\\_vlm\\_model.py](https://github.com/docling-project/docling/blob/f7244a43/docling/models/picture_description_vlm_model.py)\n- [docling/models/plugins/defaults.py](https://github.com/docling-project/docling/blob/f7244a43/docling/models/plugins/defaults.py)\n- [docling/models/rapid\\_ocr\\_model.py](https://github.com/docling-project/docling/blob/f7244a43/docling/models/rapid_ocr_model.py)\n- [docling/utils/model\\_downloader.py](https://github.com/docling-project/docling/blob/f7244a43/docling/utils/model_downloader.py)\n- [pyproject.toml](https://github.com/docling-project/docling/blob/f7244a43/pyproject.toml)\n- [uv.lock](https://github.com/docling-project/docling/blob/f7244a43/uv.lock)\n\nThis document covers the `docling-tools` command-line interface, which provides model management capabilities for Docling's AI/ML pipeline. The `docling-tools` CLI handles downloading, caching, and managing model artifacts required by Docling's document processing backends.\n\nFor information about document conversion using the main CLI, see [Document Conversion CLI](docling-project/docling/6.1-document-conversion-cli.md).",
    "metadata": {
      "source": "_docling-project_docling_6.2-model-management-cli.md",
      "heading": "Model Management CLI",
      "heading_level": 1,
      "chunk_index": 0,
      "collection": "docling",
      "char_count": 1713,
      "estimated_tokens": 428,
      "total_chunks": 9
    }
  },
  {
    "chunk_id": "docling:_docling-project_docling_6.2-model-management-cli.md:chunk:1",
    "content": "## Overview\n\n\nThe `docling-tools` CLI is the dedicated model management interface for Docling, providing utilities to download and manage AI model artifacts used throughout the document processing pipeline. It serves as the primary tool for setting up and maintaining the machine learning models that power Docling's advanced document understanding capabilities.\n\n**CLI Architecture**\n\n```\n```\n\n**Sources:** [pyproject.toml86-88](https://github.com/docling-project/docling/blob/f7244a43/pyproject.toml#L86-L88) [Dockerfile19](https://github.com/docling-project/docling/blob/f7244a43/Dockerfile#L19-L19)",
    "metadata": {
      "source": "_docling-project_docling_6.2-model-management-cli.md",
      "heading": "Overview",
      "heading_level": 2,
      "chunk_index": 1,
      "collection": "docling",
      "char_count": 602,
      "estimated_tokens": 150,
      "total_chunks": 9
    }
  },
  {
    "chunk_id": "docling:_docling-project_docling_6.2-model-management-cli.md:chunk:2",
    "content": "## Model Download Command\n\n\nThe primary function of `docling-tools` is the `models download` command, which handles downloading and caching model artifacts required by Docling's processing pipelines.\n\n**Model Download Workflow**\n\n```\n```\n\n**Sources:** [Dockerfile19](https://github.com/docling-project/docling/blob/f7244a43/Dockerfile#L19-L19) [CHANGELOG.md76](https://github.com/docling-project/docling/blob/f7244a43/CHANGELOG.md#L76-L76)",
    "metadata": {
      "source": "_docling-project_docling_6.2-model-management-cli.md",
      "heading": "Model Download Command",
      "heading_level": 2,
      "chunk_index": 2,
      "collection": "docling",
      "char_count": 439,
      "estimated_tokens": 109,
      "total_chunks": 9
    }
  },
  {
    "chunk_id": "docling:_docling-project_docling_6.2-model-management-cli.md:chunk:3",
    "content": "## HuggingFace Model Integration\n\n\nThe `docling-tools` CLI provides specialized functionality for downloading arbitrary HuggingFace models, particularly for VLM (Vision Language Model) backends used in advanced document understanding pipelines.\n\n**HuggingFace Download Architecture**\n\n```\n```\n\n**Sources:** [CHANGELOG.md76](https://github.com/docling-project/docling/blob/f7244a43/CHANGELOG.md#L76-L76) [pyproject.toml53](https://github.com/docling-project/docling/blob/f7244a43/pyproject.toml#L53-L53)",
    "metadata": {
      "source": "_docling-project_docling_6.2-model-management-cli.md",
      "heading": "HuggingFace Model Integration",
      "heading_level": 2,
      "chunk_index": 3,
      "collection": "docling",
      "char_count": 502,
      "estimated_tokens": 125,
      "total_chunks": 9
    }
  },
  {
    "chunk_id": "docling:_docling-project_docling_6.2-model-management-cli.md:chunk:4",
    "content": "## Artifact Path Management\n\n\nThe CLI provides flexible configuration for model artifact storage locations through environment variables and command-line options, enabling deployment-specific model management strategies.\n\n| Configuration Method     | Description                   | Priority |\n| ------------------------ | ----------------------------- | -------- |\n| `DOCLING_ARTIFACTS_PATH` | Environment variable override | Highest  |\n| `--artifacts-path`       | CLI argument (if available)   | Medium   |\n| Default cache            | `~/.cache/docling/models`     | Lowest   |\n\n**Environment Integration**\n\n```\n```\n\n**Sources:** [Dockerfile14-15](https://github.com/docling-project/docling/blob/f7244a43/Dockerfile#L14-L15) [Dockerfile28-29](https://github.com/docling-project/docling/blob/f7244a43/Dockerfile#L28-L29)",
    "metadata": {
      "source": "_docling-project_docling_6.2-model-management-cli.md",
      "heading": "Artifact Path Management",
      "heading_level": 2,
      "chunk_index": 4,
      "collection": "docling",
      "char_count": 823,
      "estimated_tokens": 205,
      "total_chunks": 9
    }
  },
  {
    "chunk_id": "docling:_docling-project_docling_6.2-model-management-cli.md:chunk:5",
    "content": "## Model Type Management\n\n\nThe `docling-tools` CLI manages different categories of AI models used throughout Docling's processing pipeline, each with specific download and caching strategies.\n\n**Model Category Breakdown**\n\n```\n```\n\n**Sources:** [pyproject.toml49](https://github.com/docling-project/docling/blob/f7244a43/pyproject.toml#L49-L49) [pyproject.toml55](https://github.com/docling-project/docling/blob/f7244a43/pyproject.toml#L55-L55) [pyproject.toml93-99](https://github.com/docling-project/docling/blob/f7244a43/pyproject.toml#L93-L99)",
    "metadata": {
      "source": "_docling-project_docling_6.2-model-management-cli.md",
      "heading": "Model Type Management",
      "heading_level": 2,
      "chunk_index": 5,
      "collection": "docling",
      "char_count": 547,
      "estimated_tokens": 136,
      "total_chunks": 9
    }
  },
  {
    "chunk_id": "docling:_docling-project_docling_6.2-model-management-cli.md:chunk:6",
    "content": "## Pipeline Integration\n\n\nThe model management CLI integrates tightly with Docling's document processing pipelines, ensuring that required models are available before pipeline initialization.\n\n**Model-to-Pipeline Mapping**\n\n```\n```\n\n**Sources:** [pyproject.toml107-109](https://github.com/docling-project/docling/blob/f7244a43/pyproject.toml#L107-L109) [docling/backend/docling\\_parse\\_v4\\_backend.py1-250](https://github.com/docling-project/docling/blob/f7244a43/docling/backend/docling_parse_v4_backend.py#L1-L250)",
    "metadata": {
      "source": "_docling-project_docling_6.2-model-management-cli.md",
      "heading": "Pipeline Integration",
      "heading_level": 2,
      "chunk_index": 6,
      "collection": "docling",
      "char_count": 516,
      "estimated_tokens": 129,
      "total_chunks": 9
    }
  },
  {
    "chunk_id": "docling:_docling-project_docling_6.2-model-management-cli.md:chunk:7",
    "content": "## Container Deployment Integration\n\n\nThe `docling-tools` CLI is designed to work seamlessly in containerized environments, with pre-download capabilities for building container images with embedded model artifacts.\n\n**Container Model Management**\n\n```\n```\n\n**Sources:** [Dockerfile19](https://github.com/docling-project/docling/blob/f7244a43/Dockerfile#L19-L19) [Dockerfile28-29](https://github.com/docling-project/docling/blob/f7244a43/Dockerfile#L28-L29)\n\nDismiss\n\nRefresh this wiki\n\nThis wiki was recently refreshed. Please wait 4 days to refresh again.",
    "metadata": {
      "source": "_docling-project_docling_6.2-model-management-cli.md",
      "heading": "Container Deployment Integration",
      "heading_level": 2,
      "chunk_index": 7,
      "collection": "docling",
      "char_count": 557,
      "estimated_tokens": 139,
      "total_chunks": 9
    }
  },
  {
    "chunk_id": "docling:_docling-project_docling_6.2-model-management-cli.md:chunk:8",
    "content": "### On this page\n\n\n- [Model Management CLI](#model-management-cli.md)\n- [Overview](#overview.md)\n- [Model Download Command](#model-download-command.md)\n- [HuggingFace Model Integration](#huggingface-model-integration.md)\n- [Artifact Path Management](#artifact-path-management.md)\n- [Model Type Management](#model-type-management.md)\n- [Pipeline Integration](#pipeline-integration.md)\n- [Container Deployment Integration](#container-deployment-integration.md)",
    "metadata": {
      "source": "_docling-project_docling_6.2-model-management-cli.md",
      "heading": "On this page",
      "heading_level": 3,
      "chunk_index": 8,
      "collection": "docling",
      "char_count": 458,
      "estimated_tokens": 114,
      "total_chunks": 9
    }
  }
]