[
  {
    "chunk_id": "docling:_docling-project_docling_6.1-document-conversion-cli.md:chunk:0",
    "content": "# Document Conversion CLI\n\n\nRelevant source files\n\n- [README.md](https://github.com/docling-project/docling/blob/f7244a43/README.md)\n- [docling/cli/main.py](https://github.com/docling-project/docling/blob/f7244a43/docling/cli/main.py)\n- [docling/datamodel/base\\_models.py](https://github.com/docling-project/docling/blob/f7244a43/docling/datamodel/base_models.py)\n- [docling/datamodel/document.py](https://github.com/docling-project/docling/blob/f7244a43/docling/datamodel/document.py)\n- [docling/datamodel/pipeline\\_options.py](https://github.com/docling-project/docling/blob/f7244a43/docling/datamodel/pipeline_options.py)\n- [docling/document\\_converter.py](https://github.com/docling-project/docling/blob/f7244a43/docling/document_converter.py)\n- [docs/examples/minimal\\_vlm\\_pipeline.py](https://github.com/docling-project/docling/blob/f7244a43/docs/examples/minimal_vlm_pipeline.py)\n- [docs/index.md](https://github.com/docling-project/docling/blob/f7244a43/docs/index.md)\n- [docs/usage/index.md](https://github.com/docling-project/docling/blob/f7244a43/docs/usage/index.md)\n- [docs/usage/mcp.md](https://github.com/docling-project/docling/blob/f7244a43/docs/usage/mcp.md)\n- [docs/usage/vision\\_models.md](https://github.com/docling-project/docling/blob/f7244a43/docs/usage/vision_models.md)\n- [mkdocs.yml](https://github.com/docling-project/docling/blob/f7244a43/mkdocs.yml)",
    "metadata": {
      "source": "_docling-project_docling_6.1-document-conversion-cli.md",
      "heading": "Document Conversion CLI",
      "heading_level": 1,
      "chunk_index": 0,
      "collection": "docling",
      "char_count": 1380,
      "estimated_tokens": 345,
      "total_chunks": 42
    }
  },
  {
    "chunk_id": "docling:_docling-project_docling_6.1-document-conversion-cli.md:chunk:1",
    "content": "## Purpose and Scope\n\n\nThe Document Conversion CLI provides a command-line interface for converting documents using Docling. The primary command is `docling convert`, which accepts various flags to control conversion behavior, model selection, and output formats. This page documents the CLI arguments, their corresponding configuration options, and usage patterns.\n\nFor programmatic document conversion using Python, see [DocumentConverter API](docling-project/docling/7.1-documentconverter-api.md). For model artifact management via CLI, see [Model Management CLI](docling-project/docling/6.2-model-management-cli.md).",
    "metadata": {
      "source": "_docling-project_docling_6.1-document-conversion-cli.md",
      "heading": "Purpose and Scope",
      "heading_level": 2,
      "chunk_index": 1,
      "collection": "docling",
      "char_count": 620,
      "estimated_tokens": 155,
      "total_chunks": 42
    }
  },
  {
    "chunk_id": "docling:_docling-project_docling_6.1-document-conversion-cli.md:chunk:2",
    "content": "## Basic Usage\n\n\nThe CLI is invoked with the `docling` command followed by the `convert` subcommand:\n\n```\n```\n\nBy default, the CLI:\n\n- Processes all supported input formats\n- Uses the standard PDF pipeline with DoclingParseV2 backend\n- Outputs Markdown to the current directory\n- Enables OCR and table structure extraction\n\nSources: [README.md84-98](https://github.com/docling-project/docling/blob/f7244a43/README.md#L84-L98) [docs/usage/index.md26-39](https://github.com/docling-project/docling/blob/f7244a43/docs/usage/index.md#L26-L39)",
    "metadata": {
      "source": "_docling-project_docling_6.1-document-conversion-cli.md",
      "heading": "Basic Usage",
      "heading_level": 2,
      "chunk_index": 2,
      "collection": "docling",
      "char_count": 538,
      "estimated_tokens": 134,
      "total_chunks": 42
    }
  },
  {
    "chunk_id": "docling:_docling-project_docling_6.1-document-conversion-cli.md:chunk:3",
    "content": "## Command Structure\n\n\n```\n```\n\nSources: [docling/cli/main.py141-146](https://github.com/docling-project/docling/blob/f7244a43/docling/cli/main.py#L141-L146) [docling/cli/main.py298-514](https://github.com/docling-project/docling/blob/f7244a43/docling/cli/main.py#L298-L514)",
    "metadata": {
      "source": "_docling-project_docling_6.1-document-conversion-cli.md",
      "heading": "Command Structure",
      "heading_level": 2,
      "chunk_index": 3,
      "collection": "docling",
      "char_count": 274,
      "estimated_tokens": 68,
      "total_chunks": 42
    }
  },
  {
    "chunk_id": "docling:_docling-project_docling_6.1-document-conversion-cli.md:chunk:4",
    "content": "## Input Sources\n\n\nThe `input_sources` argument accepts one or more paths or URLs:\n\n| Input Type | Example                            | Behavior                                          |\n| ---------- | ---------------------------------- | ------------------------------------------------- |\n| Local file | `document.pdf`                     | Converts single file                              |\n| Directory  | `./documents/`                     | Recursively finds files matching `--from` formats |\n| URL        | `https://example.com/file.pdf`     | Downloads and converts                            |\n| Multiple   | `file1.pdf file2.docx https://...` | Processes all inputs                              |\n\nThe CLI uses `resolve_source_to_path()` to handle URLs and stores temporary files in a `TemporaryDirectory`:\n\n**Directory Processing Logic**\n\nWhen a directory is provided, the CLI:\n\n1. Iterates through `from_formats` (defaults to all `InputFormat` values)\n2. Uses `Path.glob(f\"**/*.{ext}\")` for each extension\n3. Filters out temporary Word files (names starting with `~$`)\n4. Builds a list of `input_doc_paths`\n\nSources: [docling/cli/main.py300-307](https://github.com/docling-project/docling/blob/f7244a43/docling/cli/main.py#L300-L307) [docling/cli/main.py538-588](https://github.com/docling-project/docling/blob/f7244a43/docling/cli/main.py#L538-L588)",
    "metadata": {
      "source": "_docling-project_docling_6.1-document-conversion-cli.md",
      "heading": "Input Sources",
      "heading_level": 2,
      "chunk_index": 4,
      "collection": "docling",
      "char_count": 1363,
      "estimated_tokens": 340,
      "total_chunks": 42
    }
  },
  {
    "chunk_id": "docling:_docling-project_docling_6.1-document-conversion-cli.md:chunk:5",
    "content": "### Input Formats (`--from`)\n\n\nSpecifies which input formats to process:\n\n```\n```\n\nThe `--from` flag maps to `InputFormat` enum values:\n\n| Format  | Extensions               | MIME Types                                                                |\n| ------- | ------------------------ | ------------------------------------------------------------------------- |\n| `pdf`   | pdf                      | application/pdf                                                           |\n| `docx`  | docx, dotx, docm, dotm   | application/vnd.openxmlformats-officedocument.wordprocessingml.document   |\n| `pptx`  | pptx, potx, ppsx, pptm   | application/vnd.openxmlformats-officedocument.presentationml.presentation |\n| `xlsx`  | xlsx, xlsm               | application/vnd.openxmlformats-officedocument.spreadsheetml.sheet         |\n| `html`  | html, htm, xhtml         | text/html, application/xhtml+xml                                          |\n| `md`    | md                       | text/markdown                                                             |\n| `image` | jpg, png, tif, bmp, webp | image/png, image/jpeg, image/tiff                                         |\n| `audio` | wav, mp3                 | audio/wav, audio/mp3                                                      |\n\nSources: [docling/cli/main.py308-312](https://github.com/docling-project/docling/blob/f7244a43/docling/cli/main.py#L308-L312) [docling/datamodel/base\\_models.py54-72](https://github.com/docling-project/docling/blob/f7244a43/docling/datamodel/base_models.py#L54-L72) [docling/datamodel/base\\_models.py83-99](https://github.com/docling-project/docling/blob/f7244a43/docling/datamodel/base_models.py#L83-L99)",
    "metadata": {
      "source": "_docling-project_docling_6.1-document-conversion-cli.md",
      "heading": "Input Formats (`--from`)",
      "heading_level": 3,
      "chunk_index": 5,
      "collection": "docling",
      "char_count": 1693,
      "estimated_tokens": 423,
      "total_chunks": 42
    }
  },
  {
    "chunk_id": "docling:_docling-project_docling_6.1-document-conversion-cli.md:chunk:6",
    "content": "### Output Formats (`--to`)\n\n\nSpecifies output format(s):\n\n```\n```\n\nAvailable output formats:\n\n| Flag              | OutputFormat      | File Extension | Description          |\n| ----------------- | ----------------- | -------------- | -------------------- |\n| `md`              | MARKDOWN          | .md            | Markdown text        |\n| `json`            | JSON              | .json          | DoclingDocument JSON |\n| `html`            | HTML              | .html          | HTML output          |\n| `html_split_page` | HTML\\_SPLIT\\_PAGE | .html          | HTML with page views |\n| `text`            | TEXT              | .txt           | Plain text           |\n| `doctags`         | DOCTAGS           | .doctags       | DocTags format       |\n\nSources: [docling/cli/main.py313-315](https://github.com/docling-project/docling/blob/f7244a43/docling/cli/main.py#L313-L315) [docling/cli/main.py589-597](https://github.com/docling-project/docling/blob/f7244a43/docling/cli/main.py#L589-L597) [docling/datamodel/base\\_models.py74-80](https://github.com/docling-project/docling/blob/f7244a43/docling/datamodel/base_models.py#L74-L80)",
    "metadata": {
      "source": "_docling-project_docling_6.1-document-conversion-cli.md",
      "heading": "Output Formats (`--to`)",
      "heading_level": 3,
      "chunk_index": 6,
      "collection": "docling",
      "char_count": 1134,
      "estimated_tokens": 283,
      "total_chunks": 42
    }
  },
  {
    "chunk_id": "docling:_docling-project_docling_6.1-document-conversion-cli.md:chunk:7",
    "content": "### Pipeline Types\n\n\nThe `--pipeline` flag selects the processing pipeline:\n\n```\n```\n\n**ProcessingPipeline Enum Mapping**\n\n```\n```\n\nSources: [docling/cli/main.py335-338](https://github.com/docling-project/docling/blob/f7244a43/docling/cli/main.py#L335-L338) [docling/datamodel/pipeline\\_options.py365-368](https://github.com/docling-project/docling/blob/f7244a43/docling/datamodel/pipeline_options.py#L365-L368) [docling/cli/main.py619-781](https://github.com/docling-project/docling/blob/f7244a43/docling/cli/main.py#L619-L781)",
    "metadata": {
      "source": "_docling-project_docling_6.1-document-conversion-cli.md",
      "heading": "Pipeline Types",
      "heading_level": 3,
      "chunk_index": 7,
      "collection": "docling",
      "char_count": 528,
      "estimated_tokens": 132,
      "total_chunks": 42
    }
  },
  {
    "chunk_id": "docling:_docling-project_docling_6.1-document-conversion-cli.md:chunk:8",
    "content": "### OCR Options\n\n\n```\n```\n\n**OCR Engine Factory and Options Creation**\n\nThe CLI uses `get_ocr_factory()` to create the appropriate `OcrOptions` subclass:\n\n```\n```\n\nSources: [docling/cli/main.py347-384](https://github.com/docling-project/docling/blob/f7244a43/docling/cli/main.py#L347-L384) [docling/cli/main.py599-611](https://github.com/docling-project/docling/blob/f7244a43/docling/cli/main.py#L599-L611) [docling/datamodel/pipeline\\_options.py74-199](https://github.com/docling-project/docling/blob/f7244a43/docling/datamodel/pipeline_options.py#L74-L199)",
    "metadata": {
      "source": "_docling-project_docling_6.1-document-conversion-cli.md",
      "heading": "OCR Options",
      "heading_level": 3,
      "chunk_index": 8,
      "collection": "docling",
      "char_count": 558,
      "estimated_tokens": 139,
      "total_chunks": 42
    }
  },
  {
    "chunk_id": "docling:_docling-project_docling_6.1-document-conversion-cli.md:chunk:9",
    "content": "### PDF Backend Selection\n\n\n```\n```\n\n**Backend Mapping**\n\n| CLI Flag     | PdfBackend Enum        | Backend Class                 |\n| ------------ | ---------------------- | ----------------------------- |\n| `dlparse_v1` | PdfBackend.DLPARSE\\_V1 | DoclingParseDocumentBackend   |\n| `dlparse_v2` | PdfBackend.DLPARSE\\_V2 | DoclingParseV2DocumentBackend |\n| `dlparse_v4` | PdfBackend.DLPARSE\\_V4 | DoclingParseV4DocumentBackend |\n| `pypdfium2`  | PdfBackend.PYPDFIUM2   | PyPdfiumDocumentBackend       |\n\nSources: [docling/cli/main.py392-394](https://github.com/docling-project/docling/blob/f7244a43/docling/cli/main.py#L392-L394) [docling/cli/main.py645-655](https://github.com/docling-project/docling/blob/f7244a43/docling/cli/main.py#L645-L655) [docling/datamodel/pipeline\\_options.py249-256](https://github.com/docling-project/docling/blob/f7244a43/docling/datamodel/pipeline_options.py#L249-L256)",
    "metadata": {
      "source": "_docling-project_docling_6.1-document-conversion-cli.md",
      "heading": "PDF Backend Selection",
      "heading_level": 3,
      "chunk_index": 9,
      "collection": "docling",
      "char_count": 899,
      "estimated_tokens": 224,
      "total_chunks": 42
    }
  },
  {
    "chunk_id": "docling:_docling-project_docling_6.1-document-conversion-cli.md:chunk:10",
    "content": "### Table Structure Options\n\n\n```\n```\n\nThe `--table-mode` flag maps to `TableFormerMode` enum:\n\n- `fast`: Faster processing with potentially lower accuracy\n- `accurate`: Higher accuracy with more computation\n\nSources: [docling/cli/main.py360-366](https://github.com/docling-project/docling/blob/f7244a43/docling/cli/main.py#L360-L366) [docling/cli/main.py395-398](https://github.com/docling-project/docling/blob/f7244a43/docling/cli/main.py#L395-L398) [docling/datamodel/pipeline\\_options.py55-59](https://github.com/docling-project/docling/blob/f7244a43/docling/datamodel/pipeline_options.py#L55-L59)",
    "metadata": {
      "source": "_docling-project_docling_6.1-document-conversion-cli.md",
      "heading": "Table Structure Options",
      "heading_level": 3,
      "chunk_index": 10,
      "collection": "docling",
      "char_count": 601,
      "estimated_tokens": 150,
      "total_chunks": 42
    }
  },
  {
    "chunk_id": "docling:_docling-project_docling_6.1-document-conversion-cli.md:chunk:11",
    "content": "## VLM Options\n\n\nWhen using `--pipeline vlm`, select a vision-language model:\n\n```\n```\n\n**VLM Model Type Mapping**\n\n```\n```\n\nThe CLI automatically selects MLX variants on macOS with MPS when `mlx_vlm` is installed.\n\nSources: [docling/cli/main.py339-342](https://github.com/docling-project/docling/blob/f7244a43/docling/cli/main.py#L339-L342) [docling/cli/main.py699-739](https://github.com/docling-project/docling/blob/f7244a43/docling/cli/main.py#L699-L739) [docling/datamodel/vlm\\_model\\_specs.py](https://github.com/docling-project/docling/blob/f7244a43/docling/datamodel/vlm_model_specs.py)",
    "metadata": {
      "source": "_docling-project_docling_6.1-document-conversion-cli.md",
      "heading": "VLM Options",
      "heading_level": 2,
      "chunk_index": 11,
      "collection": "docling",
      "char_count": 594,
      "estimated_tokens": 148,
      "total_chunks": 42
    }
  },
  {
    "chunk_id": "docling:_docling-project_docling_6.1-document-conversion-cli.md:chunk:12",
    "content": "## ASR Options\n\n\nWhen using `--pipeline asr`, select an ASR model:\n\n```\n```\n\n**ASR Model Mapping**\n\n| CLI Flag         | AsrModelType                 | Model Spec      |\n| ---------------- | ---------------------------- | --------------- |\n| `whisper_tiny`   | AsrModelType.WHISPER\\_TINY   | WHISPER\\_TINY   |\n| `whisper_base`   | AsrModelType.WHISPER\\_BASE   | WHISPER\\_BASE   |\n| `whisper_small`  | AsrModelType.WHISPER\\_SMALL  | WHISPER\\_SMALL  |\n| `whisper_medium` | AsrModelType.WHISPER\\_MEDIUM | WHISPER\\_MEDIUM |\n| `whisper_large`  | AsrModelType.WHISPER\\_LARGE  | WHISPER\\_LARGE  |\n| `whisper_turbo`  | AsrModelType.WHISPER\\_TURBO  | WHISPER\\_TURBO  |\n\nSources: [docling/cli/main.py343-346](https://github.com/docling-project/docling/blob/f7244a43/docling/cli/main.py#L343-L346) [docling/cli/main.py750-777](https://github.com/docling-project/docling/blob/f7244a43/docling/cli/main.py#L750-L777) [docling/datamodel/asr\\_model\\_specs.py](https://github.com/docling-project/docling/blob/f7244a43/docling/datamodel/asr_model_specs.py)",
    "metadata": {
      "source": "_docling-project_docling_6.1-document-conversion-cli.md",
      "heading": "ASR Options",
      "heading_level": 2,
      "chunk_index": 12,
      "collection": "docling",
      "char_count": 1039,
      "estimated_tokens": 259,
      "total_chunks": 42
    }
  },
  {
    "chunk_id": "docling:_docling-project_docling_6.1-document-conversion-cli.md:chunk:13",
    "content": "## Enrichment Options\n\n\nEnrichment models operate on assembled document items to add additional features:\n\n```\n```\n\n**Enrichment Flag Mapping**\n\n```\n```\n\nSources: [docling/cli/main.py399-417](https://github.com/docling-project/docling/blob/f7244a43/docling/cli/main.py#L399-L417) [docling/cli/main.py627-630](https://github.com/docling-project/docling/blob/f7244a43/docling/cli/main.py#L627-L630) [docling/datamodel/pipeline\\_options.py334-349](https://github.com/docling-project/docling/blob/f7244a43/docling/datamodel/pipeline_options.py#L334-L349)",
    "metadata": {
      "source": "_docling-project_docling_6.1-document-conversion-cli.md",
      "heading": "Enrichment Options",
      "heading_level": 2,
      "chunk_index": 13,
      "collection": "docling",
      "char_count": 550,
      "estimated_tokens": 137,
      "total_chunks": 42
    }
  },
  {
    "chunk_id": "docling:_docling-project_docling_6.1-document-conversion-cli.md:chunk:14",
    "content": "### Output Directory\n\n\n```\n```\n\nSources: [docling/cli/main.py451-453](https://github.com/docling-project/docling/blob/f7244a43/docling/cli/main.py#L451-L453)",
    "metadata": {
      "source": "_docling-project_docling_6.1-document-conversion-cli.md",
      "heading": "Output Directory",
      "heading_level": 3,
      "chunk_index": 14,
      "collection": "docling",
      "char_count": 157,
      "estimated_tokens": 39,
      "total_chunks": 42
    }
  },
  {
    "chunk_id": "docling:_docling-project_docling_6.1-document-conversion-cli.md:chunk:15",
    "content": "### Image Export Mode\n\n\nControls how images are handled in exported formats:\n\n```\n```\n\nThe `image_export_mode` parameter affects page image generation:\n\n```\n```\n\nSources: [docling/cli/main.py328-334](https://github.com/docling-project/docling/blob/f7244a43/docling/cli/main.py#L328-L334) [docling/cli/main.py638-643](https://github.com/docling-project/docling/blob/f7244a43/docling/cli/main.py#L638-L643)",
    "metadata": {
      "source": "_docling-project_docling_6.1-document-conversion-cli.md",
      "heading": "Image Export Mode",
      "heading_level": 3,
      "chunk_index": 15,
      "collection": "docling",
      "char_count": 404,
      "estimated_tokens": 101,
      "total_chunks": 42
    }
  },
  {
    "chunk_id": "docling:_docling-project_docling_6.1-document-conversion-cli.md:chunk:16",
    "content": "### Layout Visualization\n\n\n```\n```\n\nWhen `--show-layout` is enabled with `html_split_page` output, the CLI uses `LayoutVisualizer` to overlay bounding boxes on page images.\n\nSources: [docling/cli/main.py316-322](https://github.com/docling-project/docling/blob/f7244a43/docling/cli/main.py#L316-L322) [docling/cli/main.py231-251](https://github.com/docling-project/docling/blob/f7244a43/docling/cli/main.py#L231-L251)",
    "metadata": {
      "source": "_docling-project_docling_6.1-document-conversion-cli.md",
      "heading": "Layout Visualization",
      "heading_level": 3,
      "chunk_index": 16,
      "collection": "docling",
      "char_count": 416,
      "estimated_tokens": 104,
      "total_chunks": 42
    }
  },
  {
    "chunk_id": "docling:_docling-project_docling_6.1-document-conversion-cli.md:chunk:17",
    "content": "### Device Selection\n\n\n```\n```\n\n**AcceleratorDevice Enum**\n\nThe `--device` flag maps to `AcceleratorDevice` enum values and is passed to all models via `AcceleratorOptions`.\n\nSources: [docling/cli/main.py498-500](https://github.com/docling-project/docling/blob/f7244a43/docling/cli/main.py#L498-L500) [docling/cli/main.py613](https://github.com/docling-project/docling/blob/f7244a43/docling/cli/main.py#L613-L613) [docling/datamodel/accelerator\\_options.py](https://github.com/docling-project/docling/blob/f7244a43/docling/datamodel/accelerator_options.py)",
    "metadata": {
      "source": "_docling-project_docling_6.1-document-conversion-cli.md",
      "heading": "Device Selection",
      "heading_level": 3,
      "chunk_index": 17,
      "collection": "docling",
      "char_count": 556,
      "estimated_tokens": 139,
      "total_chunks": 42
    }
  },
  {
    "chunk_id": "docling:_docling-project_docling_6.1-document-conversion-cli.md:chunk:18",
    "content": "### Thread Configuration\n\n\n```\n```\n\nThe `--num-threads` flag sets `OMP_NUM_THREADS` for model inference and can also be controlled via environment variables:\n\n- `DOCLING_NUM_THREADS`\n- `OMP_NUM_THREADS`\n\nSources: [docling/cli/main.py497](https://github.com/docling-project/docling/blob/f7244a43/docling/cli/main.py#L497-L497) [docling/cli/main.py613](https://github.com/docling-project/docling/blob/f7244a43/docling/cli/main.py#L613-L613)",
    "metadata": {
      "source": "_docling-project_docling_6.1-document-conversion-cli.md",
      "heading": "Thread Configuration",
      "heading_level": 3,
      "chunk_index": 18,
      "collection": "docling",
      "char_count": 438,
      "estimated_tokens": 109,
      "total_chunks": 42
    }
  },
  {
    "chunk_id": "docling:_docling-project_docling_6.1-document-conversion-cli.md:chunk:19",
    "content": "### Batch Size Configuration\n\n\n```\n```\n\nThe `--page-batch-size` flag controls how many pages are processed in one batch. Default is `settings.perf.page_batch_size`.\n\nSources: [docling/cli/main.py507-513](https://github.com/docling-project/docling/blob/f7244a43/docling/cli/main.py#L507-L513) [docling/cli/main.py528](https://github.com/docling-project/docling/blob/f7244a43/docling/cli/main.py#L528-L528)",
    "metadata": {
      "source": "_docling-project_docling_6.1-document-conversion-cli.md",
      "heading": "Batch Size Configuration",
      "heading_level": 3,
      "chunk_index": 19,
      "collection": "docling",
      "char_count": 404,
      "estimated_tokens": 101,
      "total_chunks": 42
    }
  },
  {
    "chunk_id": "docling:_docling-project_docling_6.1-document-conversion-cli.md:chunk:20",
    "content": "### Visualization Flags\n\n\n```\n```\n\nThese flags set corresponding fields in `settings.debug`:\n\n```\n```\n\nSources: [docling/cli/main.py463-480](https://github.com/docling-project/docling/blob/f7244a43/docling/cli/main.py#L463-L480) [docling/cli/main.py524-527](https://github.com/docling-project/docling/blob/f7244a43/docling/cli/main.py#L524-L527)",
    "metadata": {
      "source": "_docling-project_docling_6.1-document-conversion-cli.md",
      "heading": "Visualization Flags",
      "heading_level": 3,
      "chunk_index": 20,
      "collection": "docling",
      "char_count": 345,
      "estimated_tokens": 86,
      "total_chunks": 42
    }
  },
  {
    "chunk_id": "docling:_docling-project_docling_6.1-document-conversion-cli.md:chunk:21",
    "content": "### Verbosity Levels\n\n\n```\n```\n\nSources: [docling/cli/main.py454-462](https://github.com/docling-project/docling/blob/f7244a43/docling/cli/main.py#L454-L462) [docling/cli/main.py515-522](https://github.com/docling-project/docling/blob/f7244a43/docling/cli/main.py#L515-L522)",
    "metadata": {
      "source": "_docling-project_docling_6.1-document-conversion-cli.md",
      "heading": "Verbosity Levels",
      "heading_level": 3,
      "chunk_index": 21,
      "collection": "docling",
      "char_count": 274,
      "estimated_tokens": 68,
      "total_chunks": 42
    }
  },
  {
    "chunk_id": "docling:_docling-project_docling_6.1-document-conversion-cli.md:chunk:22",
    "content": "### Artifacts Path\n\n\nSpecify a custom location for model artifacts:\n\n```\n```\n\nThe artifacts path is set on `pipeline_options.artifacts_path` and affects where models are loaded from.\n\nSources: [docling/cli/main.py418-421](https://github.com/docling-project/docling/blob/f7244a43/docling/cli/main.py#L418-L421) [docling/cli/main.py783-784](https://github.com/docling-project/docling/blob/f7244a43/docling/cli/main.py#L783-L784)",
    "metadata": {
      "source": "_docling-project_docling_6.1-document-conversion-cli.md",
      "heading": "Artifacts Path",
      "heading_level": 3,
      "chunk_index": 22,
      "collection": "docling",
      "char_count": 426,
      "estimated_tokens": 106,
      "total_chunks": 42
    }
  },
  {
    "chunk_id": "docling:_docling-project_docling_6.1-document-conversion-cli.md:chunk:23",
    "content": "### Remote Services\n\n\nEnable connections to remote model inference services:\n\n```\n```\n\nThis flag must be enabled when using API-based VLM models or other remote services.\n\nSources: [docling/cli/main.py422-427](https://github.com/docling-project/docling/blob/f7244a43/docling/cli/main.py#L422-L427) [docling/cli/main.py622](https://github.com/docling-project/docling/blob/f7244a43/docling/cli/main.py#L622-L622)",
    "metadata": {
      "source": "_docling-project_docling_6.1-document-conversion-cli.md",
      "heading": "Remote Services",
      "heading_level": 3,
      "chunk_index": 23,
      "collection": "docling",
      "char_count": 410,
      "estimated_tokens": 102,
      "total_chunks": 42
    }
  },
  {
    "chunk_id": "docling:_docling-project_docling_6.1-document-conversion-cli.md:chunk:24",
    "content": "### External Plugins\n\n\nAllow loading third-party OCR engine plugins:\n\n```\n```\n\nWhen `--allow-external-plugins` is enabled, the OCR factory discovers plugins via entry points.\n\nSources: [docling/cli/main.py428-442](https://github.com/docling-project/docling/blob/f7244a43/docling/cli/main.py#L428-L442) [docling/cli/main.py599-611](https://github.com/docling-project/docling/blob/f7244a43/docling/cli/main.py#L599-L611)",
    "metadata": {
      "source": "_docling-project_docling_6.1-document-conversion-cli.md",
      "heading": "External Plugins",
      "heading_level": 3,
      "chunk_index": 24,
      "collection": "docling",
      "char_count": 418,
      "estimated_tokens": 104,
      "total_chunks": 42
    }
  },
  {
    "chunk_id": "docling:_docling-project_docling_6.1-document-conversion-cli.md:chunk:25",
    "content": "### Timeout Configuration\n\n\nSet a per-document timeout:\n\n```\n```\n\nSources: [docling/cli/main.py490-496](https://github.com/docling-project/docling/blob/f7244a43/docling/cli/main.py#L490-L496) [docling/cli/main.py631](https://github.com/docling-project/docling/blob/f7244a43/docling/cli/main.py#L631-L631)",
    "metadata": {
      "source": "_docling-project_docling_6.1-document-conversion-cli.md",
      "heading": "Timeout Configuration",
      "heading_level": 3,
      "chunk_index": 25,
      "collection": "docling",
      "char_count": 304,
      "estimated_tokens": 76,
      "total_chunks": 42
    }
  },
  {
    "chunk_id": "docling:_docling-project_docling_6.1-document-conversion-cli.md:chunk:26",
    "content": "### HTTP Headers\n\n\nProvide custom HTTP headers for URL sources:\n\n```\n```\n\nThe headers are parsed as JSON and passed to `resolve_source_to_path()`.\n\nSources: [docling/cli/main.py323-327](https://github.com/docling-project/docling/blob/f7244a43/docling/cli/main.py#L323-L327) [docling/cli/main.py533-536](https://github.com/docling-project/docling/blob/f7244a43/docling/cli/main.py#L533-L536)",
    "metadata": {
      "source": "_docling-project_docling_6.1-document-conversion-cli.md",
      "heading": "HTTP Headers",
      "heading_level": 3,
      "chunk_index": 26,
      "collection": "docling",
      "char_count": 390,
      "estimated_tokens": 97,
      "total_chunks": 42
    }
  },
  {
    "chunk_id": "docling:_docling-project_docling_6.1-document-conversion-cli.md:chunk:27",
    "content": "### Error Handling\n\n\n```\n```\n\nSources: [docling/cli/main.py443-450](https://github.com/docling-project/docling/blob/f7244a43/docling/cli/main.py#L443-L450) [docling/cli/main.py796](https://github.com/docling-project/docling/blob/f7244a43/docling/cli/main.py#L796-L796)",
    "metadata": {
      "source": "_docling-project_docling_6.1-document-conversion-cli.md",
      "heading": "Error Handling",
      "heading_level": 3,
      "chunk_index": 27,
      "collection": "docling",
      "char_count": 268,
      "estimated_tokens": 67,
      "total_chunks": 42
    }
  },
  {
    "chunk_id": "docling:_docling-project_docling_6.1-document-conversion-cli.md:chunk:28",
    "content": "## Options Construction Flow\n\n\n**CLI to Options Object Pipeline**\n\n```\n```\n\nSources: [docling/cli/main.py613-790](https://github.com/docling-project/docling/blob/f7244a43/docling/cli/main.py#L613-L790)",
    "metadata": {
      "source": "_docling-project_docling_6.1-document-conversion-cli.md",
      "heading": "Options Construction Flow",
      "heading_level": 2,
      "chunk_index": 28,
      "collection": "docling",
      "char_count": 201,
      "estimated_tokens": 50,
      "total_chunks": 42
    }
  },
  {
    "chunk_id": "docling:_docling-project_docling_6.1-document-conversion-cli.md:chunk:29",
    "content": "### Standard Pipeline Path\n\n\nFor `--pipeline standard`:\n\n1. Creates `AcceleratorOptions` with `device` and `num_threads`\n\n2. Creates `OcrOptions` using OCR factory with `ocr_engine`, `force_ocr`, `ocr_lang`, `psm`\n\n3. Creates `PdfPipelineOptions` with:\n\n   - `do_ocr`, `ocr_options`\n   - `do_table_structure`, table mode via `table_structure_options.mode`\n   - Enrichment flags: `do_code_enrichment`, `do_formula_enrichment`, `do_picture_description`, `do_picture_classification`\n   - `document_timeout`\n\n4. Selects backend class based on `--pdf-backend`\n\n5. Creates `PdfFormatOption` with pipeline options and backend\n\n6. Creates `ConvertPipelineOptions` for simple formats (DOCX, HTML, etc.)\n\n7. Builds `format_options` dictionary mapping each `InputFormat` to its `FormatOption`\n\nSources: [docling/cli/main.py619-697](https://github.com/docling-project/docling/blob/f7244a43/docling/cli/main.py#L619-L697)",
    "metadata": {
      "source": "_docling-project_docling_6.1-document-conversion-cli.md",
      "heading": "Standard Pipeline Path",
      "heading_level": 3,
      "chunk_index": 29,
      "collection": "docling",
      "char_count": 908,
      "estimated_tokens": 227,
      "total_chunks": 42
    }
  },
  {
    "chunk_id": "docling:_docling-project_docling_6.1-document-conversion-cli.md:chunk:30",
    "content": "### VLM Pipeline Path\n\n\nFor `--pipeline vlm`:\n\n1. Creates `VlmPipelineOptions` with `enable_remote_services`\n\n2. Selects VLM model spec based on `--vlm-model`:\n\n   - Maps `VlmModelType` enum to specific model spec constants\n   - Automatically selects MLX variants on macOS when available\n\n3. Sets `pipeline_options.vlm_options` to selected model spec\n\n4. Creates `PdfFormatOption` with `pipeline_cls=VlmPipeline`\n\n5. Builds `format_options` for PDF and IMAGE formats only\n\nSources: [docling/cli/main.py699-748](https://github.com/docling-project/docling/blob/f7244a43/docling/cli/main.py#L699-L748)",
    "metadata": {
      "source": "_docling-project_docling_6.1-document-conversion-cli.md",
      "heading": "VLM Pipeline Path",
      "heading_level": 3,
      "chunk_index": 30,
      "collection": "docling",
      "char_count": 598,
      "estimated_tokens": 149,
      "total_chunks": 42
    }
  },
  {
    "chunk_id": "docling:_docling-project_docling_6.1-document-conversion-cli.md:chunk:31",
    "content": "### ASR Pipeline Path\n\n\nFor `--pipeline asr`:\n\n1. Creates `AsrPipelineOptions`\n2. Selects ASR model spec based on `--asr-model`:\n   - Maps `AsrModelType` enum to Whisper model specs\n3. Sets `pipeline_options.asr_options` to selected model spec\n4. Creates `AudioFormatOption` with `pipeline_cls=AsrPipeline`\n5. Builds `format_options` for AUDIO format only\n\nSources: [docling/cli/main.py750-781](https://github.com/docling-project/docling/blob/f7244a43/docling/cli/main.py#L750-L781)",
    "metadata": {
      "source": "_docling-project_docling_6.1-document-conversion-cli.md",
      "heading": "ASR Pipeline Path",
      "heading_level": 3,
      "chunk_index": 31,
      "collection": "docling",
      "char_count": 482,
      "estimated_tokens": 120,
      "total_chunks": 42
    }
  },
  {
    "chunk_id": "docling:_docling-project_docling_6.1-document-conversion-cli.md:chunk:32",
    "content": "## Export Documents Function\n\n\nThe `export_documents()` function handles writing output files:\n\n**Export Logic Flow**\n\n```\n```\n\nSources: [docling/cli/main.py191-289](https://github.com/docling-project/docling/blob/f7244a43/docling/cli/main.py#L191-L289)",
    "metadata": {
      "source": "_docling-project_docling_6.1-document-conversion-cli.md",
      "heading": "Export Documents Function",
      "heading_level": 2,
      "chunk_index": 32,
      "collection": "docling",
      "char_count": 253,
      "estimated_tokens": 63,
      "total_chunks": 42
    }
  },
  {
    "chunk_id": "docling:_docling-project_docling_6.1-document-conversion-cli.md:chunk:33",
    "content": "### Example 1: Basic PDF Conversion\n\n\n```\n```\n\nThis uses:\n\n- `ProcessingPipeline.STANDARD`\n- `PdfBackend.DLPARSE_V2`\n- OCR enabled with auto engine selection\n- Table structure extraction enabled\n- Output: `document.md` in current directory",
    "metadata": {
      "source": "_docling-project_docling_6.1-document-conversion-cli.md",
      "heading": "Example 1: Basic PDF Conversion",
      "heading_level": 3,
      "chunk_index": 33,
      "collection": "docling",
      "char_count": 239,
      "estimated_tokens": 59,
      "total_chunks": 42
    }
  },
  {
    "chunk_id": "docling:_docling-project_docling_6.1-document-conversion-cli.md:chunk:34",
    "content": "### Example 10: Remote API Processing\n\n\n```\n```\n\nSources: [README.md84-98](https://github.com/docling-project/docling/blob/f7244a43/README.md#L84-L98) [docs/usage/index.md26-39](https://github.com/docling-project/docling/blob/f7244a43/docs/usage/index.md#L26-L39) [docs/usage/vision\\_models.md13-37](https://github.com/docling-project/docling/blob/f7244a43/docs/usage/vision_models.md#L13-L37)",
    "metadata": {
      "source": "_docling-project_docling_6.1-document-conversion-cli.md",
      "heading": "Example 10: Remote API Processing",
      "heading_level": 3,
      "chunk_index": 34,
      "collection": "docling",
      "char_count": 393,
      "estimated_tokens": 98,
      "total_chunks": 42
    }
  },
  {
    "chunk_id": "docling:_docling-project_docling_6.1-document-conversion-cli.md:chunk:35",
    "content": "## Version and Help Commands\n\n\n```\n```\n\nThe version callback displays:\n\n- Docling version\n- Docling Core version\n- Docling IBM Models version\n- Docling Parse version\n- Python implementation and version\n- Platform information\n\nSources: [docling/cli/main.py155-170](https://github.com/docling-project/docling/blob/f7244a43/docling/cli/main.py#L155-L170) [docling/cli/main.py173-188](https://github.com/docling-project/docling/blob/f7244a43/docling/cli/main.py#L173-L188) [docling/cli/main.py481-489](https://github.com/docling-project/docling/blob/f7244a43/docling/cli/main.py#L481-L489)",
    "metadata": {
      "source": "_docling-project_docling_6.1-document-conversion-cli.md",
      "heading": "Version and Help Commands",
      "heading_level": 2,
      "chunk_index": 35,
      "collection": "docling",
      "char_count": 585,
      "estimated_tokens": 146,
      "total_chunks": 42
    }
  },
  {
    "chunk_id": "docling:_docling-project_docling_6.1-document-conversion-cli.md:chunk:36",
    "content": "### CLI Application Structure\n\n\nThe CLI is built with Typer:\n\n```\n```\n\nThe main command is decorated with `@app.command()` and contains extensive parameter definitions using `typer.Option()` and `typer.Argument()`.\n\nSources: [docling/cli/main.py141-146](https://github.com/docling-project/docling/blob/f7244a43/docling/cli/main.py#L141-L146)",
    "metadata": {
      "source": "_docling-project_docling_6.1-document-conversion-cli.md",
      "heading": "CLI Application Structure",
      "heading_level": 3,
      "chunk_index": 36,
      "collection": "docling",
      "char_count": 341,
      "estimated_tokens": 85,
      "total_chunks": 42
    }
  },
  {
    "chunk_id": "docling:_docling-project_docling_6.1-document-conversion-cli.md:chunk:37",
    "content": "### Temporary File Handling\n\n\nURL sources are downloaded into a temporary directory:\n\n```\n```\n\nThe temporary directory is automatically cleaned up after processing.\n\nSources: [docling/cli/main.py538-546](https://github.com/docling-project/docling/blob/f7244a43/docling/cli/main.py#L538-L546)",
    "metadata": {
      "source": "_docling-project_docling_6.1-document-conversion-cli.md",
      "heading": "Temporary File Handling",
      "heading_level": 3,
      "chunk_index": 37,
      "collection": "docling",
      "char_count": 291,
      "estimated_tokens": 72,
      "total_chunks": 42
    }
  },
  {
    "chunk_id": "docling:_docling-project_docling_6.1-document-conversion-cli.md:chunk:38",
    "content": "### Conversion Execution\n\n\nAfter building `format_options`, the CLI:\n\n1. Creates `DocumentConverter` with allowed formats and format options\n2. Calls `converter.convert_all()` with input paths\n3. Calls `export_documents()` to write outputs\n4. Logs total processing time\n\nSources: [docling/cli/main.py787-815](https://github.com/docling-project/docling/blob/f7244a43/docling/cli/main.py#L787-L815)",
    "metadata": {
      "source": "_docling-project_docling_6.1-document-conversion-cli.md",
      "heading": "Conversion Execution",
      "heading_level": 3,
      "chunk_index": 38,
      "collection": "docling",
      "char_count": 396,
      "estimated_tokens": 99,
      "total_chunks": 42
    }
  },
  {
    "chunk_id": "docling:_docling-project_docling_6.1-document-conversion-cli.md:chunk:39",
    "content": "### Click Compatibility\n\n\nThe Typer app is converted to a Click app for compatibility:\n\n```\n```\n\nThis allows integration with Click-based tools.\n\nSources: [docling/cli/main.py818](https://github.com/docling-project/docling/blob/f7244a43/docling/cli/main.py#L818-L818)\n\nDismiss\n\nRefresh this wiki\n\nThis wiki was recently refreshed. Please wait 4 days to refresh again.",
    "metadata": {
      "source": "_docling-project_docling_6.1-document-conversion-cli.md",
      "heading": "Click Compatibility",
      "heading_level": 3,
      "chunk_index": 39,
      "collection": "docling",
      "char_count": 367,
      "estimated_tokens": 91,
      "total_chunks": 42
    }
  },
  {
    "chunk_id": "docling:_docling-project_docling_6.1-document-conversion-cli.md:chunk:40",
    "content": "### On this page",
    "metadata": {
      "source": "_docling-project_docling_6.1-document-conversion-cli.md",
      "heading": "On this page",
      "heading_level": 3,
      "chunk_index": 40,
      "collection": "docling",
      "char_count": 16,
      "estimated_tokens": 4,
      "total_chunks": 42
    }
  },
  {
    "chunk_id": "docling:_docling-project_docling_6.1-document-conversion-cli.md:chunk:41",
    "content": "- [Document Conversion CLI](#document-conversion-cli.md)\n- [Purpose and Scope](#purpose-and-scope.md)\n- [Basic Usage](#basic-usage.md)\n- [Command Structure](#command-structure.md)\n- [Input Sources](#input-sources.md)\n- [Format Selection](#format-selection.md)\n- [Input Formats (\\`--from\\`)](#input-formats---from.md)\n- [Output Formats (\\`--to\\`)](#output-formats---to.md)\n- [Pipeline Selection](#pipeline-selection.md)\n- [Pipeline Types](#pipeline-types.md)\n- [OCR Configuration](#ocr-configuration.md)\n- [OCR Options](#ocr-options.md)\n- [PDF Processing Options](#pdf-processing-options.md)\n- [PDF Backend Selection](#pdf-backend-selection.md)\n- [Table Structure Options](#table-structure-options.md)\n- [VLM Options](#vlm-options.md)\n- [ASR Options](#asr-options.md)\n- [Enrichment Options](#enrichment-options.md)\n- [Output Configuration](#output-configuration.md)\n- [Output Directory](#output-directory.md)\n- [Image Export Mode](#image-export-mode.md)\n- [Layout Visualization](#layout-visualization.md)\n- [Hardware Acceleration](#hardware-acceleration.md)\n- [Device Selection](#device-selection.md)\n- [Thread Configuration](#thread-configuration.md)\n- [Batch Size Configuration](#batch-size-configuration.md)\n- [Debugging Options](#debugging-options.md)\n- [Visualization Flags](#visualization-flags.md)\n- [Verbosity Levels](#verbosity-levels.md)\n- [Advanced Options](#advanced-options.md)\n- [Artifacts Path](#artifacts-path.md)\n- [Remote Services](#remote-services.md)\n- [External Plugins](#external-plugins.md)\n- [Timeout Configuration](#timeout-configuration.md)\n- [HTTP Headers](#http-headers.md)\n- [Error Handling](#error-handling.md)\n- [Options Construction Flow](#options-construction-flow.md)\n- [Pipeline-Specific Option Configuration](#pipeline-specific-option-configuration.md)\n- [Standard Pipeline Path](#standard-pipeline-path.md)\n- [VLM Pipeline Path](#vlm-pipeline-path.md)\n- [ASR Pipeline Path](#asr-pipeline-path.md)\n- [Export Documents Function](#export-documents-function.md)\n- [Common Usage Examples](#common-usage-examples.md)\n- [Example 1: Basic PDF Conversion](#example-1-basic-pdf-conversion.md)\n- [Example 2: Batch Processing with Custom Output](#example-2-batch-processing-with-custom-output.md)\n- [Example 3: High-Quality PDF Processing](#example-3-high-quality-pdf-processing.md)\n- [Example 4: VLM Pipeline with MLX](#example-4-vlm-pipeline-with-mlx.md)\n- [Example 5: Audio Transcription](#example-5-audio-transcription.md)\n- [Example 6: Enriched Document Processing](#example-6-enriched-document-processing.md)\n- [Example 7: Multi-Format Batch with Filtering](#example-7-multi-format-batch-with-filtering.md)\n- [Example 8: Debug Visualization](#example-8-debug-visualization.md)\n- [Example 9: Referenced Images](#example-9-referenced-images.md)\n- [Example 10: Remote API Processing](#example-10-remote-api-processing.md)\n- [Version and Help Commands](#version-and-help-commands.md)\n- [Implementation Details](#implementation-details.md)\n- [CLI Application Structure](#cli-application-structure.md)\n- [Temporary File Handling](#temporary-file-handling.md)\n- [Conversion Execution](#conversion-execution.md)\n- [Click Compatibility](#click-compatibility.md)",
    "metadata": {
      "source": "_docling-project_docling_6.1-document-conversion-cli.md",
      "heading": "On this page",
      "heading_level": 3,
      "chunk_index": 41,
      "collection": "docling",
      "char_count": 3182,
      "estimated_tokens": 795,
      "total_chunks": 42
    }
  }
]