[
  {
    "chunk_id": "docling:_index.md:chunk:0",
    "content": "# docling-project_docling - Documentation Index",
    "metadata": {
      "source": "_index.md",
      "heading": "docling-project_docling - Documentation Index",
      "heading_level": 1,
      "chunk_index": 0,
      "collection": "docling",
      "char_count": 47,
      "estimated_tokens": 11,
      "total_chunks": 2
    }
  },
  {
    "chunk_id": "docling:_index.md:chunk:1",
    "content": "- [/docling-project/docling](./_docling-project_docling.md)\n- [/docling-project/docling/1-overview](./_docling-project_docling_1-overview.md)\n- [/docling-project/docling/1.1-installation](./_docling-project_docling_1.1-installation.md)\n- [/docling-project/docling/2.1-document-conversion-flow](./_docling-project_docling_2.1-document-conversion-flow.md)\n- [/docling-project/docling/1.2-quick-start](./_docling-project_docling_1.2-quick-start.md)\n- [/docling-project/docling/2.2-doclingdocument-data-model](./_docling-project_docling_2.2-doclingdocument-data-model.md)\n- [/docling-project/docling/2-core-architecture](./_docling-project_docling_2-core-architecture.md)\n- [/docling-project/docling/2.3-configuration-and-pipeline-options](./_docling-project_docling_2.3-configuration-and-pipeline-options.md)\n- [/docling-project/docling/3-document-backends](./_docling-project_docling_3-document-backends.md)\n- [/docling-project/docling/2.4-format-detection-and-routing](./_docling-project_docling_2.4-format-detection-and-routing.md)\n- [/docling-project/docling/3.1-pdf-processing-backends](./_docling-project_docling_3.1-pdf-processing-backends.md)\n- [/docling-project/docling/3.2-office-document-backends](./_docling-project_docling_3.2-office-document-backends.md)\n- [/docling-project/docling/4-aiml-models](./_docling-project_docling_4-aiml-models.md)\n- [/docling-project/docling/4.1-ocr-models](./_docling-project_docling_4.1-ocr-models.md)\n- [/docling-project/docling/3.3-web-and-markup-backends](./_docling-project_docling_3.3-web-and-markup-backends.md)\n- [/docling-project/docling/4.3.1-inline-vlm-models](./_docling-project_docling_4.3.1-inline-vlm-models.md)\n- [/docling-project/docling/4.3-vision-language-models](./_docling-project_docling_4.3-vision-language-models.md)\n- [/docling-project/docling/4.2-layout-and-table-structure-models](./_docling-project_docling_4.2-layout-and-table-structure-models.md)\n- [/docling-project/docling/4.3.2-api-based-vlm-models](./_docling-project_docling_4.3.2-api-based-vlm-models.md)\n- [/docling-project/docling/5-processing-pipelines](./_docling-project_docling_5-processing-pipelines.md)\n- [/docling-project/docling/5.1-standard-pdf-pipeline](./_docling-project_docling_5.1-standard-pdf-pipeline.md)\n- [/docling-project/docling/4.4-enrichment-models](./_docling-project_docling_4.4-enrichment-models.md)\n- [/docling-project/docling/5.2-threaded-pdf-pipeline](./_docling-project_docling_5.2-threaded-pdf-pipeline.md)\n- [/docling-project/docling/5.3-vlm-pipeline](./_docling-project_docling_5.3-vlm-pipeline.md)\n- [/docling-project/docling/5.4-extraction-pipeline](./_docling-project_docling_5.4-extraction-pipeline.md)\n- [/docling-project/docling/5.5-asr-pipeline](./_docling-project_docling_5.5-asr-pipeline.md)\n- [/docling-project/docling/6-command-line-interface](./_docling-project_docling_6-command-line-interface.md)\n- [/docling-project/docling/5.6-base-pipeline-architecture](./_docling-project_docling_5.6-base-pipeline-architecture.md)\n- [/docling-project/docling/6.2-model-management-cli](./_docling-project_docling_6.2-model-management-cli.md)\n- [/docling-project/docling/7-python-sdk](./_docling-project_docling_7-python-sdk.md)\n- [/docling-project/docling/6.1-document-conversion-cli](./_docling-project_docling_6.1-document-conversion-cli.md)\n- [/docling-project/docling/7.1-documentconverter-api](./_docling-project_docling_7.1-documentconverter-api.md)\n- [/docling-project/docling/7.3-usage-examples](./_docling-project_docling_7.3-usage-examples.md)\n- [/docling-project/docling/7.2-documentextractor-api](./_docling-project_docling_7.2-documentextractor-api.md)\n- [/docling-project/docling/8-output-and-integration](./_docling-project_docling_8-output-and-integration.md)\n- [/docling-project/docling/8.2-document-chunking](./_docling-project_docling_8.2-document-chunking.md)\n- [/docling-project/docling/8.1-export-formats](./_docling-project_docling_8.1-export-formats.md)\n- [/docling-project/docling/9-development-and-testing](./_docling-project_docling_9-development-and-testing.md)\n- [/docling-project/docling/9.1-testing-framework](./_docling-project_docling_9.1-testing-framework.md)\n- [/docling-project/docling/8.3-framework-integrations](./_docling-project_docling_8.3-framework-integrations.md)\n- [/docling-project/docling/9.2-ground-truth-data](./_docling-project_docling_9.2-ground-truth-data.md)\n- [/docling-project/docling/9.3-cicd-and-development-workflow](./_docling-project_docling_9.3-cicd-and-development-workflow.md)\n- [/docling-project/docling/10-deployment](./_docling-project_docling_10-deployment.md)\n- [/docling-project/docling/10.1-docker-deployment](./_docling-project_docling_10.1-docker-deployment.md)\n- [/docling-project/docling/10.2-model-artifacts-management](./_docling-project_docling_10.2-model-artifacts-management.md)",
    "metadata": {
      "source": "_index.md",
      "heading": "docling-project_docling - Documentation Index",
      "heading_level": 1,
      "chunk_index": 1,
      "collection": "docling",
      "char_count": 4819,
      "estimated_tokens": 1204,
      "total_chunks": 2
    }
  }
]