[
  {
    "chunk_id": "docling:_docling-project_docling_9.2-ground-truth-data.md:chunk:0",
    "content": "# Ground Truth Data\n\n\nRelevant source files",
    "metadata": {
      "source": "_docling-project_docling_9.2-ground-truth-data.md",
      "heading": "Ground Truth Data",
      "heading_level": 1,
      "chunk_index": 0,
      "collection": "docling",
      "char_count": 43,
      "estimated_tokens": 10,
      "total_chunks": 20
    }
  },
  {
    "chunk_id": "docling:_docling-project_docling_9.2-ground-truth-data.md:chunk:1",
    "content": "- [docling/backend/msword\\_backend.py](https://github.com/docling-project/docling/blob/f7244a43/docling/backend/msword_backend.py)\n- [tests/data/docx/textbox.docx](https://github.com/docling-project/docling/blob/f7244a43/tests/data/docx/textbox.docx)\n- [tests/data/docx/unit\\_test\\_formatting.docx](https://github.com/docling-project/docling/blob/f7244a43/tests/data/docx/unit_test_formatting.docx)\n- [tests/data/groundtruth/docling\\_v2/2203.01017v2.doctags.txt](https://github.com/docling-project/docling/blob/f7244a43/tests/data/groundtruth/docling_v2/2203.01017v2.doctags.txt)\n- [tests/data/groundtruth/docling\\_v2/2203.01017v2.json](https://github.com/docling-project/docling/blob/f7244a43/tests/data/groundtruth/docling_v2/2203.01017v2.json)\n- [tests/data/groundtruth/docling\\_v2/2203.01017v2.md](https://github.com/docling-project/docling/blob/f7244a43/tests/data/groundtruth/docling_v2/2203.01017v2.md)\n- [tests/data/groundtruth/docling\\_v2/2206.01062.doctags.txt](https://github.com/docling-project/docling/blob/f7244a43/tests/data/groundtruth/docling_v2/2206.01062.doctags.txt)\n- [tests/data/groundtruth/docling\\_v2/2206.01062.json](https://github.com/docling-project/docling/blob/f7244a43/tests/data/groundtruth/docling_v2/2206.01062.json)\n- [tests/data/groundtruth/docling\\_v2/2305.03393v1.doctags.txt](https://github.com/docling-project/docling/blob/f7244a43/tests/data/groundtruth/docling_v2/2305.03393v1.doctags.txt)\n- [tests/data/groundtruth/docling\\_v2/2305.03393v1.json](https://github.com/docling-project/docling/blob/f7244a43/tests/data/groundtruth/docling_v2/2305.03393v1.json)\n- [tests/data/groundtruth/docling\\_v2/multi\\_page.json](https://github.com/docling-project/docling/blob/f7244a43/tests/data/groundtruth/docling_v2/multi_page.json)\n- [tests/data/groundtruth/docling\\_v2/redp5110\\_sampled.doctags.txt](https://github.com/docling-project/docling/blob/f7244a43/tests/data/groundtruth/docling_v2/redp5110_sampled.doctags.txt)\n- [tests/data/groundtruth/docling\\_v2/redp5110\\_sampled.json](https://github.com/docling-project/docling/blob/f7244a43/tests/data/groundtruth/docling_v2/redp5110_sampled.json)\n- [tests/data/groundtruth/docling\\_v2/redp5110\\_sampled.md](https://github.com/docling-project/docling/blob/f7244a43/tests/data/groundtruth/docling_v2/redp5110_sampled.md)\n- [tests/data/groundtruth/docling\\_v2/unit\\_test\\_formatting.docx.itxt](https://github.com/docling-project/docling/blob/f7244a43/tests/data/groundtruth/docling_v2/unit_test_formatting.docx.itxt)\n- [tests/data/groundtruth/docling\\_v2/unit\\_test\\_formatting.docx.json](https://github.com/docling-project/docling/blob/f7244a43/tests/data/groundtruth/docling_v2/unit_test_formatting.docx.json)\n- [tests/data/groundtruth/docling\\_v2/unit\\_test\\_formatting.docx.md](https://github.com/docling-project/docling/blob/f7244a43/tests/data/groundtruth/docling_v2/unit_test_formatting.docx.md)\n- [tests/test\\_backend\\_msword.py](https://github.com/docling-project/docling/blob/f7244a43/tests/test_backend_msword.py)",
    "metadata": {
      "source": "_docling-project_docling_9.2-ground-truth-data.md",
      "heading": "Ground Truth Data",
      "heading_level": 1,
      "chunk_index": 1,
      "collection": "docling",
      "char_count": 3002,
      "estimated_tokens": 750,
      "total_chunks": 20
    }
  },
  {
    "chunk_id": "docling:_docling-project_docling_9.2-ground-truth-data.md:chunk:2",
    "content": "lob/f7244a43/tests/data/groundtruth/docling_v2/unit_test_formatting.docx.md)\n- [tests/test\\_backend\\_msword.py](https://github.com/docling-project/docling/blob/f7244a43/tests/test_backend_msword.py)\n\nThis document describes the ground truth data system used in Docling for testing and validation of document conversion results. The ground truth data provides reference outputs for verifying that document processing pipelines produce expected results across different input formats and output representations.\n\nFor information about the testing framework that uses this ground truth data, see [Testing Framework](docling-project/docling/9.1-testing-framework.md).",
    "metadata": {
      "source": "_docling-project_docling_9.2-ground-truth-data.md",
      "heading": "Ground Truth Data",
      "heading_level": 1,
      "chunk_index": 2,
      "collection": "docling",
      "char_count": 663,
      "estimated_tokens": 165,
      "total_chunks": 20
    }
  },
  {
    "chunk_id": "docling:_docling-project_docling_9.2-ground-truth-data.md:chunk:3",
    "content": "## Purpose and Structure\n\n\nThe ground truth data system serves as the foundation for Docling's test suite, providing expected outputs for document conversion operations. It enables regression testing, accuracy validation, and ensures consistent behavior across different document formats and processing pipelines.\n\n```\n```\n\nSources: [tests/verify\\_utils.py1-510](https://github.com/docling-project/docling/blob/f7244a43/tests/verify_utils.py#L1-L510) [tests/data/groundtruth/docling\\_v2/](https://github.com/docling-project/docling/blob/f7244a43/tests/data/groundtruth/docling_v2/) [tests/test\\_backend\\_csv.py41-68](https://github.com/docling-project/docling/blob/f7244a43/tests/test_backend_csv.py#L41-L68)",
    "metadata": {
      "source": "_docling-project_docling_9.2-ground-truth-data.md",
      "heading": "Purpose and Structure",
      "heading_level": 2,
      "chunk_index": 3,
      "collection": "docling",
      "char_count": 708,
      "estimated_tokens": 177,
      "total_chunks": 20
    }
  },
  {
    "chunk_id": "docling:_docling-project_docling_9.2-ground-truth-data.md:chunk:4",
    "content": "## Directory Organization\n\n\nThe ground truth data follows a structured directory layout that mirrors the test data organization:\n\n```\n```\n\nThe ground truth files are organized under `tests/data/groundtruth/` with separate subdirectories for different format versions. Each input document has corresponding ground truth files with extensions indicating the output format.\n\nSources: [tests/verify\\_utils.py324-328](https://github.com/docling-project/docling/blob/f7244a43/tests/verify_utils.py#L324-L328) [tests/verify\\_utils.py410-414](https://github.com/docling-project/docling/blob/f7244a43/tests/verify_utils.py#L410-L414) [tests/test\\_backend\\_csv.py41](https://github.com/docling-project/docling/blob/f7244a43/tests/test_backend_csv.py#L41-L41)",
    "metadata": {
      "source": "_docling-project_docling_9.2-ground-truth-data.md",
      "heading": "Directory Organization",
      "heading_level": 2,
      "chunk_index": 4,
      "collection": "docling",
      "char_count": 748,
      "estimated_tokens": 187,
      "total_chunks": 20
    }
  },
  {
    "chunk_id": "docling:_docling-project_docling_9.2-ground-truth-data.md:chunk:5",
    "content": "### DoclingDocument JSON Format\n\n\nThe primary ground truth format stores complete `DoclingDocument` objects as JSON files with precise coordinate and confidence precision controlled by `COORD_PREC=2` and `CONFID_PREC=3` constants:\n\n```\n```\n\nThe JSON format preserves all document structure with the following key sections:\n\n| Property      | Type   | Description                                       |\n| ------------- | ------ | ------------------------------------------------- |\n| `schema_name` | string | Always \"DoclingDocument\"                          |\n| `version`     | string | Schema version (e.g., \"1.7.0\")                    |\n| `origin`      | object | Source metadata: mimetype, binary\\_hash, filename |\n| `body`        | object | Root node for main document content               |\n| `furniture`   | object | Root node for metadata elements (headers/footers) |\n| `texts`       | array  | All TextItem objects with references              |\n| `tables`      | array  | All TableItem objects with data grids             |\n| `pictures`    | array  | All PictureItem objects with image data           |\n| `groups`      | array  | All GroupItem objects (lists, sections)           |\n\nEach element contains:\n\n- `self_ref`: JSON pointer to itself (e.g., `#/texts/0`)\n- `parent`: Reference to parent element\n- `children`: Array of references to child elements\n- `prov`: Array of provenance data with page numbers and bounding boxes\n- Content-specific fields (text, label, data, etc.)\n\nSources: [tests/data/groundtruth/docling\\_v2/2203.01017v2.json1-100](https://github.com/docling-project/docling/blob/f7244a43/tests/data/groundtruth/docling_v2/2203.01017v2.json#L1-L100) [tests/verify\\_utils.py27-28](https://github.com/docling-project/docling/blob/f7244a43/tests/verify_utils.py#L27-L28) [tests/verify\\_utils.py438-440](https://github.com/docling-project/docling/blob/f7244a43/tests/verify_utils.py#L438-L440)",
    "metadata": {
      "source": "_docling-project_docling_9.2-ground-truth-data.md",
      "heading": "DoclingDocument JSON Format",
      "heading_level": 3,
      "chunk_index": 5,
      "collection": "docling",
      "char_count": 1918,
      "estimated_tokens": 479,
      "total_chunks": 20
    }
  },
  {
    "chunk_id": "docling:_docling-project_docling_9.2-ground-truth-data.md:chunk:6",
    "content": "### Markdown Export Format\n\n\nMarkdown ground truth files (`.md` extension) contain the exported markdown representation of documents, generated using `DoclingDocument.export_to_markdown()`:\n\n```\n```\n\nKey characteristics:\n\n- Section headers use `##` for level 1, `###` for level 2, etc.\n- Tables rendered as markdown tables with alignment\n- Images marked with `<!-- image -->` comments\n- Lists use `-` for unordered, `1.` for ordered\n- Preserves text formatting where possible\n\nThis format validates the markdown export functionality through `verify_export()` function.\n\nSources: [tests/data/groundtruth/docling\\_v2/2203.01017v2.md1-50](https://github.com/docling-project/docling/blob/f7244a43/tests/data/groundtruth/docling_v2/2203.01017v2.md#L1-L50) [tests/verify\\_utils.py294-295](https://github.com/docling-project/docling/blob/f7244a43/tests/verify_utils.py#L294-L295)",
    "metadata": {
      "source": "_docling-project_docling_9.2-ground-truth-data.md",
      "heading": "Markdown Export Format",
      "heading_level": 3,
      "chunk_index": 6,
      "collection": "docling",
      "char_count": 872,
      "estimated_tokens": 218,
      "total_chunks": 20
    }
  },
  {
    "chunk_id": "docling:_docling-project_docling_9.2-ground-truth-data.md:chunk:7",
    "content": "### DocTags Format\n\n\nThe DocTags format (`.doctags.txt` extension) provides a structured tag-based representation with precise coordinate information, generated using `DoclingDocument.export_to_document_tokens()`:\n\n```\n<doctag><page_header><loc_15><loc_101><loc_30><loc_354>arXiv:2203.01017v2  [cs.CV]  11 Mar 2022</page_header>\n<section_header_level_1><loc_79><loc_68><loc_408><loc_76>TableFormer: Table Structure Understanding with Transformers.</section_header_level_1>\n<text><loc_116><loc_93><loc_370><loc_108>Ahmed Nassar, Nikolaos Livathinos...</text>\n<otsl><loc_258><loc_146><loc_439><loc_191><ched>1<nl></otsl>\n<picture><loc_257><loc_143><loc_439><loc_313><caption><loc_252><loc_325>Figure 1: Picture...</caption></picture>\n<page_break>\n```\n\nDocTags format characteristics:\n\n- Each line contains a complete element with opening and closing tags\n- Coordinates use `<loc_X>` format where X is a normalized 0-500 scale\n- Four coordinates represent left, top, right, bottom boundaries\n- Element types include: `text`, `section_header_level_N`, `table`, `picture`, `page_header`, `page_footer`, `list_item`, `caption`\n- Tables use OTSL (Optimized Table Structure Language) notation\n- `<page_break>` markers separate pages\n- Special tags like `<otsl>`, `<ched>`, `<fcel>`, `<lcel>` for table structure\n\nCoordinate normalization formula:\n\n```\nnormalized_x = int((x / page_width) * 500)\nnormalized_y = int((y / page_height) * 500)\n```\n\nSources: [tests/data/groundtruth/docling\\_v2/2203.01017v2.doctags.txt1-20](https://github.com/docling-project/docling/blob/f7244a43/tests/data/groundtruth/docling_v2/2203.01017v2.doctags.txt#L1-L20) [tests/verify\\_utils.py298-299](https://github.com/docling-project/docling/blob/f7244a43/tests/verify_utils.py#L298-L299)",
    "metadata": {
      "source": "_docling-project_docling_9.2-ground-truth-data.md",
      "heading": "DocTags Format",
      "heading_level": 3,
      "chunk_index": 7,
      "collection": "docling",
      "char_count": 1756,
      "estimated_tokens": 439,
      "total_chunks": 20
    }
  },
  {
    "chunk_id": "docling:_docling-project_docling_9.2-ground-truth-data.md:chunk:8",
    "content": "### Page Data Format\n\n\nPage-level ground truth (`.pages.json` extension) stored as JSON arrays containing detailed page information from the PDF backend:\n\n```\n```\n\nPage data components:\n\n- `page_no`: Zero-based page index\n- `size`: Page dimensions in points\n- `parsed_page.dimension`: Page coordinate system information\n- `parsed_page.char_cells`: Individual character bounding boxes and metadata\n- `parsed_page.bitmap_resources`: Embedded images with base64-encoded data\n\nThis format captures low-level page parsing results for validation of PDF processing pipelines, particularly useful for testing OCR and layout analysis stages.\n\nSources: [tests/verify\\_utils.py422-435](https://github.com/docling-project/docling/blob/f7244a43/tests/verify_utils.py#L422-L435)",
    "metadata": {
      "source": "_docling-project_docling_9.2-ground-truth-data.md",
      "heading": "Page Data Format",
      "heading_level": 3,
      "chunk_index": 8,
      "collection": "docling",
      "char_count": 764,
      "estimated_tokens": 191,
      "total_chunks": 20
    }
  },
  {
    "chunk_id": "docling:_docling-project_docling_9.2-ground-truth-data.md:chunk:9",
    "content": "### Core Verification Functions\n\n\nThe verification system provides specialized functions for different types of content validation:\n\n```\n```",
    "metadata": {
      "source": "_docling-project_docling_9.2-ground-truth-data.md",
      "heading": "Core Verification Functions",
      "heading_level": 3,
      "chunk_index": 9,
      "collection": "docling",
      "char_count": 140,
      "estimated_tokens": 35,
      "total_chunks": 20
    }
  },
  {
    "chunk_id": "docling:_docling-project_docling_9.2-ground-truth-data.md:chunk:10",
    "content": "### Text Verification with Fuzzy Matching\n\n\nThe `verify_text()` function in [tests/verify\\_utils.py55-62](https://github.com/docling-project/docling/blob/f7244a43/tests/verify_utils.py#L55-L62) supports both exact and fuzzy text comparison using Levenshtein distance:\n\n```\n```\n\nThe Levenshtein distance calculation uses [tests/verify\\_utils.py31-52](https://github.com/docling-project/docling/blob/f7244a43/tests/verify_utils.py#L31-L52):\n\n- Computes minimum edit distance between two strings\n- Used for fuzzy matching when `fuzzy=True`\n- Default threshold of 0.4 (40% difference allowed)\n- Useful for OCR output where minor errors are expected\n\nFuzzy matching is controlled per-test:\n\n- Programmatic content (DOCX, HTML): `fuzzy=False` for exact matching\n- OCR content (scanned PDFs): `fuzzy=True` with configurable threshold\n- OCR engine parameter passed to determine expectations\n\nSources: [tests/verify\\_utils.py31-62](https://github.com/docling-project/docling/blob/f7244a43/tests/verify_utils.py#L31-L62)",
    "metadata": {
      "source": "_docling-project_docling_9.2-ground-truth-data.md",
      "heading": "Text Verification with Fuzzy Matching",
      "heading_level": 3,
      "chunk_index": 10,
      "collection": "docling",
      "char_count": 1010,
      "estimated_tokens": 252,
      "total_chunks": 20
    }
  },
  {
    "chunk_id": "docling:_docling-project_docling_9.2-ground-truth-data.md:chunk:11",
    "content": "### Document Structure Validation\n\n\nThe `verify_docitems` function performs comprehensive validation of document structure:\n\n1. **Text Elements**: Validates content, labels, and provenance information\n2. **Table Elements**: Checks table structure, cell content, and headers\n3. **Picture Elements**: Verifies image data and annotations\n4. **Hierarchical Structure**: Ensures parent-child relationships are correct\n\nThe function iterates through document elements and validates each component against ground truth expectations.\n\nSources: [tests/verify\\_utils.py230-291](https://github.com/docling-project/docling/blob/f7244a43/tests/verify_utils.py#L230-L291)",
    "metadata": {
      "source": "_docling-project_docling_9.2-ground-truth-data.md",
      "heading": "Document Structure Validation",
      "heading_level": 3,
      "chunk_index": 11,
      "collection": "docling",
      "char_count": 657,
      "estimated_tokens": 164,
      "total_chunks": 20
    }
  },
  {
    "chunk_id": "docling:_docling-project_docling_9.2-ground-truth-data.md:chunk:12",
    "content": "### Coordinate Precision Control\n\n\nThe verification system maintains consistent coordinate precision across different formats:\n\n| Constant      | Purpose                        | Value |\n| ------------- | ------------------------------ | ----- |\n| `COORD_PREC`  | Decimal places for coordinates | 2     |\n| `CONFID_PREC` | Decimal places for confidence  | 3     |\n\nThese precision settings ensure reproducible ground truth generation and comparison.\n\nSources: [tests/verify\\_utils.py27-28](https://github.com/docling-project/docling/blob/f7244a43/tests/verify_utils.py#L27-L28) [tests/verify\\_utils.py425-430](https://github.com/docling-project/docling/blob/f7244a43/tests/verify_utils.py#L425-L430)",
    "metadata": {
      "source": "_docling-project_docling_9.2-ground-truth-data.md",
      "heading": "Coordinate Precision Control",
      "heading_level": 3,
      "chunk_index": 12,
      "collection": "docling",
      "char_count": 699,
      "estimated_tokens": 174,
      "total_chunks": 20
    }
  },
  {
    "chunk_id": "docling:_docling-project_docling_9.2-ground-truth-data.md:chunk:13",
    "content": "### Generation Control\n\n\nGround truth generation is controlled through the `GEN_TEST_DATA` flag in [tests/test\\_data\\_gen\\_flag.py](https://github.com/docling-project/docling/blob/f7244a43/tests/test_data_gen_flag.py) and the `generate` parameter in verification functions:\n\n```\n```\n\nThe `verify_conversion_result_v2()` function signature at [tests/verify\\_utils.py388-396](https://github.com/docling-project/docling/blob/f7244a43/tests/verify_utils.py#L388-L396):\n\n```\n```\n\nParameters:\n\n- `generate`: If True, creates new ground truth files; if False, validates against existing\n- `ocr_engine`: Optional OCR engine identifier used in ground truth path\n- `fuzzy`: Enable fuzzy text matching for OCR content\n- `verify_doctags`: If True, also generate/verify .doctags.txt format\n- `indent`: JSON indentation level (default: 2)\n\nSources: [tests/test\\_data\\_gen\\_flag.py](https://github.com/docling-project/docling/blob/f7244a43/tests/test_data_gen_flag.py) [tests/test\\_backend\\_msword.py16-19](https://github.com/docling-project/docling/blob/f7244a43/tests/test_backend_msword.py#L16-L19) [tests/verify\\_utils.py388-396](https://github.com/docling-project/docling/blob/f7244a43/tests/verify_utils.py#L388-L396)",
    "metadata": {
      "source": "_docling-project_docling_9.2-ground-truth-data.md",
      "heading": "Generation Control",
      "heading_level": 3,
      "chunk_index": 13,
      "collection": "docling",
      "char_count": 1208,
      "estimated_tokens": 302,
      "total_chunks": 20
    }
  },
  {
    "chunk_id": "docling:_docling-project_docling_9.2-ground-truth-data.md:chunk:14",
    "content": "### File Generation Process\n\n\nThe generation process in [tests/verify\\_utils.py421-448](https://github.com/docling-project/docling/blob/f7244a43/tests/verify_utils.py#L421-L448) creates multiple output formats for each input document:\n\n```\n```\n\nFile naming conventions:\n\n- Base path: `tests/data/groundtruth/docling_v2/{input_filename}`\n- Suffix pattern: `.{ocr_engine}` if OCR used (e.g., `.easyocr`)\n- Extensions: `.json`, `.md`, `.doctags.txt`, `.pages.json`, `.itxt`\n\nExample paths for `2203.01017v2.pdf`:\n\n- `tests/data/groundtruth/docling_v2/2203.01017v2.json`\n- `tests/data/groundtruth/docling_v2/2203.01017v2.md`\n- `tests/data/groundtruth/docling_v2/2203.01017v2.doctags.txt`\n- `tests/data/groundtruth/docling_v2/2203.01017v2.pages.json`\n\nSources: [tests/verify\\_utils.py421-448](https://github.com/docling-project/docling/blob/f7244a43/tests/verify_utils.py#L421-L448) [tests/verify\\_utils.py27-28](https://github.com/docling-project/docling/blob/f7244a43/tests/verify_utils.py#L27-L28)",
    "metadata": {
      "source": "_docling-project_docling_9.2-ground-truth-data.md",
      "heading": "File Generation Process",
      "heading_level": 3,
      "chunk_index": 14,
      "collection": "docling",
      "char_count": 995,
      "estimated_tokens": 248,
      "total_chunks": 20
    }
  },
  {
    "chunk_id": "docling:_docling-project_docling_9.2-ground-truth-data.md:chunk:15",
    "content": "### Backend Test Integration\n\n\nEach document backend test integrates with the ground truth system following a consistent pattern demonstrated in [tests/test\\_backend\\_msword.py84-112](https://github.com/docling-project/docling/blob/f7244a43/tests/test_backend_msword.py#L84-L112):\n\n```\n```\n\nThis pattern is replicated across backend tests:\n\n- [tests/test\\_backend\\_csv.py41-68](https://github.com/docling-project/docling/blob/f7244a43/tests/test_backend_csv.py#L41-L68) for CSV files\n- [tests/test\\_backend\\_pptx.py28-56](https://github.com/docling-project/docling/blob/f7244a43/tests/test_backend_pptx.py#L28-L56) for PowerPoint files\n- [tests/test\\_backend\\_jats.py28-54](https://github.com/docling-project/docling/blob/f7244a43/tests/test_backend_jats.py#L28-L54) for JATS XML files\n- [tests/test\\_backend\\_html.py28-55](https://github.com/docling-project/docling/blob/f7244a43/tests/test_backend_html.py#L28-L55) for HTML files\n\nCommon elements:\n\n1. Get list of test files via `get_{format}_paths()`\n2. Create converter via `get_converter()`\n3. Construct ground truth path using parent.parent navigation\n4. Convert document and extract `DoclingDocument`\n5. Verify multiple export formats\n6. Use `GENERATE` flag for regeneration mode\n\nSources: [tests/test\\_backend\\_msword.py84-112](https://github.com/docling-project/docling/blob/f7244a43/tests/test_backend_msword.py#L84-L112) [tests/test\\_backend\\_csv.py41-68](https://github.com/docling-project/docling/blob/f7244a43/tests/test_backend_csv.py#L41-L68)",
    "metadata": {
      "source": "_docling-project_docling_9.2-ground-truth-data.md",
      "heading": "Backend Test Integration",
      "heading_level": 3,
      "chunk_index": 15,
      "collection": "docling",
      "char_count": 1508,
      "estimated_tokens": 377,
      "total_chunks": 20
    }
  },
  {
    "chunk_id": "docling:_docling-project_docling_9.2-ground-truth-data.md:chunk:16",
    "content": "### Legacy Format Support\n\n\nThe system maintains backward compatibility with legacy ground truth formats:\n\n```\n```\n\nThis ensures existing test data remains usable during format transitions.\n\nSources: [tests/verify\\_utils.py302-386](https://github.com/docling-project/docling/blob/f7244a43/tests/verify_utils.py#L302-L386)",
    "metadata": {
      "source": "_docling-project_docling_9.2-ground-truth-data.md",
      "heading": "Legacy Format Support",
      "heading_level": 3,
      "chunk_index": 16,
      "collection": "docling",
      "char_count": 321,
      "estimated_tokens": 80,
      "total_chunks": 20
    }
  },
  {
    "chunk_id": "docling:_docling-project_docling_9.2-ground-truth-data.md:chunk:17",
    "content": "### Fuzzy Comparison Support\n\n\nThe verification system supports fuzzy matching for cases where exact comparison is inappropriate:\n\n- **OCR Results**: Text extraction may have minor variations\n- **Coordinate Precision**: Floating-point precision differences\n- **Content Variations**: Expected differences in processed content\n\nThe fuzzy matching uses configurable thresholds and Levenshtein distance algorithms.\n\nSources: [tests/verify\\_utils.py55-62](https://github.com/docling-project/docling/blob/f7244a43/tests/verify_utils.py#L55-L62) [tests/verify\\_utils.py31-52](https://github.com/docling-project/docling/blob/f7244a43/tests/verify_utils.py#L31-L52)",
    "metadata": {
      "source": "_docling-project_docling_9.2-ground-truth-data.md",
      "heading": "Fuzzy Comparison Support",
      "heading_level": 3,
      "chunk_index": 17,
      "collection": "docling",
      "char_count": 656,
      "estimated_tokens": 164,
      "total_chunks": 20
    }
  },
  {
    "chunk_id": "docling:_docling-project_docling_9.2-ground-truth-data.md:chunk:18",
    "content": "### Table Structure Validation\n\n\nTable verification includes comprehensive structure checking:\n\n```\n```\n\nThis ensures table extraction maintains structural integrity and content accuracy.\n\nSources: [tests/verify\\_utils.py170-211](https://github.com/docling-project/docling/blob/f7244a43/tests/verify_utils.py#L170-L211)\n\nDismiss\n\nRefresh this wiki\n\nThis wiki was recently refreshed. Please wait 4 days to refresh again.",
    "metadata": {
      "source": "_docling-project_docling_9.2-ground-truth-data.md",
      "heading": "Table Structure Validation",
      "heading_level": 3,
      "chunk_index": 18,
      "collection": "docling",
      "char_count": 419,
      "estimated_tokens": 104,
      "total_chunks": 20
    }
  },
  {
    "chunk_id": "docling:_docling-project_docling_9.2-ground-truth-data.md:chunk:19",
    "content": "### On this page\n\n\n- [Ground Truth Data](#ground-truth-data.md)\n- [Purpose and Structure](#purpose-and-structure.md)\n- [Directory Organization](#directory-organization.md)\n- [Ground Truth File Formats](#ground-truth-file-formats.md)\n- [DoclingDocument JSON Format](#doclingdocument-json-format.md)\n- [Markdown Export Format](#markdown-export-format.md)\n- [DocTags Format](#doctags-format.md)\n- [Page Data Format](#page-data-format.md)\n- [Verification System](#verification-system.md)\n- [Core Verification Functions](#core-verification-functions.md)\n- [Text Verification with Fuzzy Matching](#text-verification-with-fuzzy-matching.md)\n- [Document Structure Validation](#document-structure-validation.md)\n- [Coordinate Precision Control](#coordinate-precision-control.md)\n- [Ground Truth Generation](#ground-truth-generation.md)\n- [Generation Control](#generation-control.md)\n- [File Generation Process](#file-generation-process.md)\n- [Test Integration](#test-integration.md)\n- [Backend Test Integration](#backend-test-integration.md)\n- [Legacy Format Support](#legacy-format-support.md)\n- [Error Handling and Fuzzy Matching](#error-handling-and-fuzzy-matching.md)\n- [Fuzzy Comparison Support](#fuzzy-comparison-support.md)\n- [Table Structure Validation](#table-structure-validation.md)",
    "metadata": {
      "source": "_docling-project_docling_9.2-ground-truth-data.md",
      "heading": "On this page",
      "heading_level": 3,
      "chunk_index": 19,
      "collection": "docling",
      "char_count": 1284,
      "estimated_tokens": 321,
      "total_chunks": 20
    }
  }
]