[
  {
    "chunk_id": "docling:_docling-project_docling_2.3-configuration-and-pipeline-options.md:chunk:0",
    "content": "# Configuration and Pipeline Options\n\n\nRelevant source files",
    "metadata": {
      "source": "_docling-project_docling_2.3-configuration-and-pipeline-options.md",
      "heading": "Configuration and Pipeline Options",
      "heading_level": 1,
      "chunk_index": 0,
      "collection": "docling",
      "char_count": 60,
      "estimated_tokens": 15,
      "total_chunks": 32
    }
  },
  {
    "chunk_id": "docling:_docling-project_docling_2.3-configuration-and-pipeline-options.md:chunk:1",
    "content": "- [docling/cli/main.py](https://github.com/docling-project/docling/blob/f7244a43/docling/cli/main.py)\n- [docling/datamodel/base\\_models.py](https://github.com/docling-project/docling/blob/f7244a43/docling/datamodel/base_models.py)\n- [docling/datamodel/document.py](https://github.com/docling-project/docling/blob/f7244a43/docling/datamodel/document.py)\n- [docling/datamodel/pipeline\\_options.py](https://github.com/docling-project/docling/blob/f7244a43/docling/datamodel/pipeline_options.py)\n- [docling/document\\_converter.py](https://github.com/docling-project/docling/blob/f7244a43/docling/document_converter.py)\n- [docling/models/base\\_ocr\\_model.py](https://github.com/docling-project/docling/blob/f7244a43/docling/models/base_ocr_model.py)\n- [docling/models/code\\_formula\\_model.py](https://github.com/docling-project/docling/blob/f7244a43/docling/models/code_formula_model.py)\n- [docling/models/document\\_picture\\_classifier.py](https://github.com/docling-project/docling/blob/f7244a43/docling/models/document_picture_classifier.py)\n- [docling/models/easyocr\\_model.py](https://github.com/docling-project/docling/blob/f7244a43/docling/models/easyocr_model.py)\n- [docling/models/layout\\_model.py](https://github.com/docling-project/docling/blob/f7244a43/docling/models/layout_model.py)\n- [docling/models/page\\_assemble\\_model.py](https://github.com/docling-project/docling/blob/f7244a43/docling/models/page_assemble_model.py)\n- [docling/models/page\\_preprocessing\\_model.py](https://github.com/docling-project/docling/blob/f7244a43/docling/models/page_preprocessing_model.py)\n- [docling/models/table\\_structure\\_model.py](https://github.com/docling-project/docling/blob/f7244a43/docling/models/table_structure_model.py)\n- [docling/pipeline/standard\\_pdf\\_pipeline.py](https://github.com/docling-project/docling/blob/f7244a43/docling/pipeline/standard_pdf_pipeline.py)\n- [tests/test\\_document\\_picture\\_classifier.py](https://github.com/docling-project/docling/blob/f7244a43/tests/test_document_picture_classifier.py)\n- [tests/test\\_options.py](https://github.com/docling-project/docling/blob/f7244a43/tests/test_options.py)",
    "metadata": {
      "source": "_docling-project_docling_2.3-configuration-and-pipeline-options.md",
      "heading": "Configuration and Pipeline Options",
      "heading_level": 1,
      "chunk_index": 1,
      "collection": "docling",
      "char_count": 2128,
      "estimated_tokens": 532,
      "total_chunks": 32
    }
  },
  {
    "chunk_id": "docling:_docling-project_docling_2.3-configuration-and-pipeline-options.md:chunk:2",
    "content": "## Purpose and Scope\n\n\nThis page documents Docling's configuration system, explaining how options are structured, cascaded, and applied throughout the document conversion process. It covers the options hierarchy (`PipelineOptions`, `PdfPipelineOptions`, `VlmPipelineOptions`, etc.), configuration sources (CLI arguments, environment variables, programmatic API), and how options control pipeline behavior and model initialization.\n\nFor information about specific pipeline implementations, see [Processing Pipelines](docling-project/docling/5-processing-pipelines.md). For details on model configuration and plugin discovery, see [AI/ML Models](docling-project/docling/4-aiml-models.md).\n\n---",
    "metadata": {
      "source": "_docling-project_docling_2.3-configuration-and-pipeline-options.md",
      "heading": "Purpose and Scope",
      "heading_level": 2,
      "chunk_index": 2,
      "collection": "docling",
      "char_count": 691,
      "estimated_tokens": 172,
      "total_chunks": 32
    }
  },
  {
    "chunk_id": "docling:_docling-project_docling_2.3-configuration-and-pipeline-options.md:chunk:3",
    "content": "## Options Architecture Overview\n\n\nDocling uses a hierarchical options system built on Pydantic models, providing type safety, validation, and serialization. Options flow from configuration sources (CLI, environment variables, or code) through the `DocumentConverter` to pipelines and finally to individual models.\n\n```\n```\n\n**Sources:** [docling/datamodel/pipeline\\_options.py1-384](https://github.com/docling-project/docling/blob/f7244a43/docling/datamodel/pipeline_options.py#L1-L384) [docling/document\\_converter.py62-181](https://github.com/docling-project/docling/blob/f7244a43/docling/document_converter.py#L62-L181)\n\n---",
    "metadata": {
      "source": "_docling-project_docling_2.3-configuration-and-pipeline-options.md",
      "heading": "Options Architecture Overview",
      "heading_level": 2,
      "chunk_index": 3,
      "collection": "docling",
      "char_count": 628,
      "estimated_tokens": 157,
      "total_chunks": 32
    }
  },
  {
    "chunk_id": "docling:_docling-project_docling_2.3-configuration-and-pipeline-options.md:chunk:4",
    "content": "### BaseOptions\n\n\nAll options classes inherit from `BaseOptions`, which provides a common `kind` field used for factory-based selection (e.g., OCR engine selection).\n\n```\n```\n\n**Sources:** [docling/datamodel/pipeline\\_options.py49-52](https://github.com/docling-project/docling/blob/f7244a43/docling/datamodel/pipeline_options.py#L49-L52)",
    "metadata": {
      "source": "_docling-project_docling_2.3-configuration-and-pipeline-options.md",
      "heading": "BaseOptions",
      "heading_level": 3,
      "chunk_index": 4,
      "collection": "docling",
      "char_count": 338,
      "estimated_tokens": 84,
      "total_chunks": 32
    }
  },
  {
    "chunk_id": "docling:_docling-project_docling_2.3-configuration-and-pipeline-options.md:chunk:5",
    "content": "### PipelineOptions\n\n\nThe root options class for all pipelines, defining common configuration applicable to any pipeline:\n\n| Field                    | Type                 | Default                | Description                                               |\n| ------------------------ | -------------------- | ---------------------- | --------------------------------------------------------- |\n| `document_timeout`       | `Optional[float]`    | `None`                 | Maximum time (seconds) for processing a single document   |\n| `accelerator_options`    | `AcceleratorOptions` | `AcceleratorOptions()` | Device and threading configuration                        |\n| `enable_remote_services` | `bool`               | `False`                | Allow models that connect to remote APIs (security flag)  |\n| `allow_external_plugins` | `bool`               | `False`                | Enable loading third-party plugin modules                 |\n| `artifacts_path`         | `Optional[Path]`     | `None`                 | Custom path for model artifacts (overrides default cache) |\n\n**Sources:** [docling/datamodel/pipeline\\_options.py273-281](https://github.com/docling-project/docling/blob/f7244a43/docling/datamodel/pipeline_options.py#L273-L281)",
    "metadata": {
      "source": "_docling-project_docling_2.3-configuration-and-pipeline-options.md",
      "heading": "PipelineOptions",
      "heading_level": 3,
      "chunk_index": 5,
      "collection": "docling",
      "char_count": 1249,
      "estimated_tokens": 312,
      "total_chunks": 32
    }
  },
  {
    "chunk_id": "docling:_docling-project_docling_2.3-configuration-and-pipeline-options.md:chunk:6",
    "content": "### ConvertPipelineOptions\n\n\nExtends `PipelineOptions` with enrichment capabilities used by `SimplePipeline` and its descendants:\n\n```\n```\n\n**Sources:** [docling/datamodel/pipeline\\_options.py283-292](https://github.com/docling-project/docling/blob/f7244a43/docling/datamodel/pipeline_options.py#L283-L292)",
    "metadata": {
      "source": "_docling-project_docling_2.3-configuration-and-pipeline-options.md",
      "heading": "ConvertPipelineOptions",
      "heading_level": 3,
      "chunk_index": 6,
      "collection": "docling",
      "char_count": 306,
      "estimated_tokens": 76,
      "total_chunks": 32
    }
  },
  {
    "chunk_id": "docling:_docling-project_docling_2.3-configuration-and-pipeline-options.md:chunk:7",
    "content": "### PaginatedPipelineOptions\n\n\nAdds image generation controls for pipelines processing paginated documents:\n\n```\n```\n\n**Sources:** [docling/datamodel/pipeline\\_options.py294-298](https://github.com/docling-project/docling/blob/f7244a43/docling/datamodel/pipeline_options.py#L294-L298)\n\n---",
    "metadata": {
      "source": "_docling-project_docling_2.3-configuration-and-pipeline-options.md",
      "heading": "PaginatedPipelineOptions",
      "heading_level": 3,
      "chunk_index": 7,
      "collection": "docling",
      "char_count": 289,
      "estimated_tokens": 72,
      "total_chunks": 32
    }
  },
  {
    "chunk_id": "docling:_docling-project_docling_2.3-configuration-and-pipeline-options.md:chunk:8",
    "content": "### PdfPipelineOptions\n\n\nThe most comprehensive options class, controlling all aspects of PDF processing in `StandardPdfPipeline` and `ThreadedStandardPdfPipeline`:\n\n```\n```\n\n**Key fields:**\n\n- **Feature toggles**: `do_table_structure`, `do_ocr`, `do_code_enrichment`, `do_formula_enrichment`, `do_picture_classification`, `do_picture_description`\n- **Nested configurations**: `table_structure_options`, `ocr_options`, `layout_options`\n- **Image control**: `images_scale`, `generate_page_images`, `generate_picture_images`, `generate_table_images` (deprecated)\n- **Text handling**: `force_backend_text` (use PDF's embedded text instead of VLM output)\n\n**Sources:** [docling/datamodel/pipeline\\_options.py334-363](https://github.com/docling-project/docling/blob/f7244a43/docling/datamodel/pipeline_options.py#L334-L363)",
    "metadata": {
      "source": "_docling-project_docling_2.3-configuration-and-pipeline-options.md",
      "heading": "PdfPipelineOptions",
      "heading_level": 3,
      "chunk_index": 8,
      "collection": "docling",
      "char_count": 818,
      "estimated_tokens": 204,
      "total_chunks": 32
    }
  },
  {
    "chunk_id": "docling:_docling-project_docling_2.3-configuration-and-pipeline-options.md:chunk:9",
    "content": "### VlmPipelineOptions\n\n\nConfiguration for vision-language model-based processing:\n\n```\n```\n\nThe `vlm_options` field accepts either:\n\n- `InlineVlmOptions`: For local model inference (HuggingFace Transformers, MLX, vLLM)\n- `ApiVlmOptions`: For OpenAI-compatible API endpoints (Ollama, vLLM server)\n\n**Sources:** [docling/datamodel/pipeline\\_options.py300-309](https://github.com/docling-project/docling/blob/f7244a43/docling/datamodel/pipeline_options.py#L300-L309) [docling/datamodel/pipeline\\_options\\_vlm\\_model.py](https://github.com/docling-project/docling/blob/f7244a43/docling/datamodel/pipeline_options_vlm_model.py)",
    "metadata": {
      "source": "_docling-project_docling_2.3-configuration-and-pipeline-options.md",
      "heading": "VlmPipelineOptions",
      "heading_level": 3,
      "chunk_index": 9,
      "collection": "docling",
      "char_count": 623,
      "estimated_tokens": 155,
      "total_chunks": 32
    }
  },
  {
    "chunk_id": "docling:_docling-project_docling_2.3-configuration-and-pipeline-options.md:chunk:10",
    "content": "### AsrPipelineOptions\n\n\nConfiguration for audio transcription:\n\n```\n```\n\nThe `asr_options` field specifies the Whisper model variant (TINY, BASE, SMALL, MEDIUM, LARGE, TURBO).\n\n**Sources:** [docling/datamodel/pipeline\\_options.py324-326](https://github.com/docling-project/docling/blob/f7244a43/docling/datamodel/pipeline_options.py#L324-L326) [docling/datamodel/pipeline\\_options\\_asr\\_model.py](https://github.com/docling-project/docling/blob/f7244a43/docling/datamodel/pipeline_options_asr_model.py)",
    "metadata": {
      "source": "_docling-project_docling_2.3-configuration-and-pipeline-options.md",
      "heading": "AsrPipelineOptions",
      "heading_level": 3,
      "chunk_index": 10,
      "collection": "docling",
      "char_count": 503,
      "estimated_tokens": 125,
      "total_chunks": 32
    }
  },
  {
    "chunk_id": "docling:_docling-project_docling_2.3-configuration-and-pipeline-options.md:chunk:11",
    "content": "### ThreadedPdfPipelineOptions\n\n\nExtends `PdfPipelineOptions` with batch processing and concurrency controls:\n\n```\n```\n\nThese control the threaded pipeline's batching and backpressure mechanisms. See [Threaded PDF Pipeline](docling-project/docling/5.2-threaded-pdf-pipeline.md) for details.\n\n**Sources:** [docling/datamodel/pipeline\\_options.py371-384](https://github.com/docling-project/docling/blob/f7244a43/docling/datamodel/pipeline_options.py#L371-L384)\n\n---",
    "metadata": {
      "source": "_docling-project_docling_2.3-configuration-and-pipeline-options.md",
      "heading": "ThreadedPdfPipelineOptions",
      "heading_level": 3,
      "chunk_index": 11,
      "collection": "docling",
      "char_count": 463,
      "estimated_tokens": 115,
      "total_chunks": 32
    }
  },
  {
    "chunk_id": "docling:_docling-project_docling_2.3-configuration-and-pipeline-options.md:chunk:12",
    "content": "### AcceleratorOptions\n\n\nControls hardware acceleration and parallelism across all models:\n\n```\n```\n\n**Device selection logic:**\n\n1. If `device == AUTO`, `decide_device()` probes available hardware\n2. Priority order: CUDA → MPS (macOS) → CPU\n3. Some models (e.g., TableStructureModel) override MPS to CPU for performance\n\n**Environment variable precedence:**\n\n- `DOCLING_DEVICE` overrides default but not explicit constructor argument\n- `DOCLING_NUM_THREADS` takes precedence over `OMP_NUM_THREADS`\n- Constructor arguments always take precedence over environment variables\n\n**Sources:** [docling/datamodel/accelerator\\_options.py](https://github.com/docling-project/docling/blob/f7244a43/docling/datamodel/accelerator_options.py) [docling/utils/accelerator\\_utils.py](https://github.com/docling-project/docling/blob/f7244a43/docling/utils/accelerator_utils.py) [tests/test\\_options.py43-96](https://github.com/docling-project/docling/blob/f7244a43/tests/test_options.py#L43-L96)",
    "metadata": {
      "source": "_docling-project_docling_2.3-configuration-and-pipeline-options.md",
      "heading": "AcceleratorOptions",
      "heading_level": 3,
      "chunk_index": 12,
      "collection": "docling",
      "char_count": 978,
      "estimated_tokens": 244,
      "total_chunks": 32
    }
  },
  {
    "chunk_id": "docling:_docling-project_docling_2.3-configuration-and-pipeline-options.md:chunk:13",
    "content": "### OcrOptions Hierarchy\n\n\nOCR options use a factory pattern with a polymorphic hierarchy:\n\n```\n```\n\n**Factory usage pattern:**\n\n```\n```\n\n**Key fields:**\n\n- `lang`: Language codes (varies by engine: `[\"eng\", \"deu\"]` for Tesseract, `[\"en\", \"de\"]` for EasyOCR)\n- `force_full_page_ocr`: Always OCR the entire page, ignoring bitmap detection\n- `bitmap_area_threshold`: Minimum page area covered by bitmaps to trigger OCR (default: 0.05 = 5%)\n\n**Sources:** [docling/datamodel/pipeline\\_options.py74-199](https://github.com/docling-project/docling/blob/f7244a43/docling/datamodel/pipeline_options.py#L74-L199) [docling/models/factories.py](https://github.com/docling-project/docling/blob/f7244a43/docling/models/factories.py) [docling/cli/main.py599-612](https://github.com/docling-project/docling/blob/f7244a43/docling/cli/main.py#L599-L612)",
    "metadata": {
      "source": "_docling-project_docling_2.3-configuration-and-pipeline-options.md",
      "heading": "OcrOptions Hierarchy",
      "heading_level": 3,
      "chunk_index": 13,
      "collection": "docling",
      "char_count": 836,
      "estimated_tokens": 209,
      "total_chunks": 32
    }
  },
  {
    "chunk_id": "docling:_docling-project_docling_2.3-configuration-and-pipeline-options.md:chunk:14",
    "content": "### TableStructureOptions\n\n\nControls the TableFormer model behavior:\n\n```\n```\n\n**Mode comparison:**\n\n| Mode       | Speed  | Accuracy | Model Path                             |\n| ---------- | ------ | -------- | -------------------------------------- |\n| `FAST`     | Higher | Lower    | `model_artifacts/tableformer/fast`     |\n| `ACCURATE` | Lower  | Higher   | `model_artifacts/tableformer/accurate` |\n\nWhen `do_cell_matching=True`, the model matches predicted table cells back to PDF text cells. Setting this to `False` makes the model define cells independently, which can be useful for PDFs with merged cells across columns.\n\n**Sources:** [docling/datamodel/pipeline\\_options.py62-72](https://github.com/docling-project/docling/blob/f7244a43/docling/datamodel/pipeline_options.py#L62-L72) [docling/models/table\\_structure\\_model.py29-101](https://github.com/docling-project/docling/blob/f7244a43/docling/models/table_structure_model.py#L29-L101)",
    "metadata": {
      "source": "_docling-project_docling_2.3-configuration-and-pipeline-options.md",
      "heading": "TableStructureOptions",
      "heading_level": 3,
      "chunk_index": 14,
      "collection": "docling",
      "char_count": 951,
      "estimated_tokens": 237,
      "total_chunks": 32
    }
  },
  {
    "chunk_id": "docling:_docling-project_docling_2.3-configuration-and-pipeline-options.md:chunk:15",
    "content": "### LayoutOptions\n\n\nConfiguration for layout analysis:\n\n```\n```\n\n**Model specifications available:**\n\n- `DOCLING_LAYOUT_HERON` (default): Balanced performance\n- `DOCLING_LAYOUT_EGRET_MEDIUM`, `DOCLING_LAYOUT_EGRET_LARGE`, `DOCLING_LAYOUT_EGRET_XLARGE`: Newer models with varying capacity\n- `DOCLING_LAYOUT_V2`: Legacy model\n\nEach `LayoutModelConfig` specifies:\n\n- `repo_id`: HuggingFace repository\n- `revision`: Git revision or tag\n- `model_repo_folder`: Local folder name\n- `model_path`: Path within the repository\n\n**Sources:** [docling/datamodel/pipeline\\_options.py311-322](https://github.com/docling-project/docling/blob/f7244a43/docling/datamodel/pipeline_options.py#L311-L322) [docling/datamodel/layout\\_model\\_specs.py](https://github.com/docling-project/docling/blob/f7244a43/docling/datamodel/layout_model_specs.py)",
    "metadata": {
      "source": "_docling-project_docling_2.3-configuration-and-pipeline-options.md",
      "heading": "LayoutOptions",
      "heading_level": 3,
      "chunk_index": 15,
      "collection": "docling",
      "char_count": 825,
      "estimated_tokens": 206,
      "total_chunks": 32
    }
  },
  {
    "chunk_id": "docling:_docling-project_docling_2.3-configuration-and-pipeline-options.md:chunk:16",
    "content": "### Picture Description Options\n\n\nEnrichment models for describing images have two option types:\n\n```\n```\n\n```\n```\n\nPre-configured options:\n\n- `smolvlm_picture_description`: Uses SmolVLM-256M-Instruct\n- `granite_picture_description`: Uses IBM Granite Vision 3.3-2B\n\n**Sources:** [docling/datamodel/pipeline\\_options.py201-245](https://github.com/docling-project/docling/blob/f7244a43/docling/datamodel/pipeline_options.py#L201-L245)\n\n---",
    "metadata": {
      "source": "_docling-project_docling_2.3-configuration-and-pipeline-options.md",
      "heading": "Picture Description Options",
      "heading_level": 3,
      "chunk_index": 16,
      "collection": "docling",
      "char_count": 437,
      "estimated_tokens": 109,
      "total_chunks": 32
    }
  },
  {
    "chunk_id": "docling:_docling-project_docling_2.3-configuration-and-pipeline-options.md:chunk:17",
    "content": "## Configuration Flow: CLI to Pipeline\n\n\nThe following diagram shows how CLI arguments transform into configured pipelines:\n\n```\n```\n\n**Sources:** [docling/cli/main.py299-816](https://github.com/docling-project/docling/blob/f7244a43/docling/cli/main.py#L299-L816) [docling/document\\_converter.py207-378](https://github.com/docling-project/docling/blob/f7244a43/docling/document_converter.py#L207-L378)\n\n---",
    "metadata": {
      "source": "_docling-project_docling_2.3-configuration-and-pipeline-options.md",
      "heading": "Configuration Flow: CLI to Pipeline",
      "heading_level": 2,
      "chunk_index": 17,
      "collection": "docling",
      "char_count": 406,
      "estimated_tokens": 101,
      "total_chunks": 32
    }
  },
  {
    "chunk_id": "docling:_docling-project_docling_2.3-configuration-and-pipeline-options.md:chunk:18",
    "content": "## Environment Variable Configuration\n\n\nEnvironment variables provide an alternative to CLI arguments, useful for deployment scenarios:\n\n| Environment Variable  | Type  | Default  | Affects                                     |\n| --------------------- | ----- | -------- | ------------------------------------------- |\n| `DOCLING_DEVICE`      | `str` | `\"auto\"` | `AcceleratorOptions.device`                 |\n| `OMP_NUM_THREADS`     | `int` | `4`      | `AcceleratorOptions.num_threads` (fallback) |\n| `DOCLING_NUM_THREADS` | `int` | `4`      | `AcceleratorOptions.num_threads` (primary)  |\n\n**Precedence rules:**\n\n1. Explicit constructor arguments (highest)\n2. Environment variables\n3. Default values (lowest)\n\n**Example:**\n\n```\n```\n\n**Sources:** [docling/datamodel/accelerator\\_options.py](https://github.com/docling-project/docling/blob/f7244a43/docling/datamodel/accelerator_options.py) [tests/test\\_options.py43-96](https://github.com/docling-project/docling/blob/f7244a43/tests/test_options.py#L43-L96)\n\n---",
    "metadata": {
      "source": "_docling-project_docling_2.3-configuration-and-pipeline-options.md",
      "heading": "Environment Variable Configuration",
      "heading_level": 2,
      "chunk_index": 18,
      "collection": "docling",
      "char_count": 1014,
      "estimated_tokens": 253,
      "total_chunks": 32
    }
  },
  {
    "chunk_id": "docling:_docling-project_docling_2.3-configuration-and-pipeline-options.md:chunk:19",
    "content": "## FormatOption and Pipeline Mapping\n\n\nThe `DocumentConverter` uses `FormatOption` objects to map input formats to processing pipelines:\n\n```\n```\n\n**Default format options:** The `_get_default_option()` function provides sensible defaults for all supported formats:\n\n```\n```\n\n**Custom configuration example:**\n\n```\n```\n\n**Sources:** [docling/document\\_converter.py62-181](https://github.com/docling-project/docling/blob/f7244a43/docling/document_converter.py#L62-L181) [docling/datamodel/base\\_models.py36-42](https://github.com/docling-project/docling/blob/f7244a43/docling/datamodel/base_models.py#L36-L42)\n\n---",
    "metadata": {
      "source": "_docling-project_docling_2.3-configuration-and-pipeline-options.md",
      "heading": "FormatOption and Pipeline Mapping",
      "heading_level": 2,
      "chunk_index": 19,
      "collection": "docling",
      "char_count": 613,
      "estimated_tokens": 153,
      "total_chunks": 32
    }
  },
  {
    "chunk_id": "docling:_docling-project_docling_2.3-configuration-and-pipeline-options.md:chunk:20",
    "content": "## Pipeline Caching and Options Hashing\n\n\nTo avoid redundant model loading, `DocumentConverter` caches pipeline instances based on a composite key of `(pipeline_class, options_hash)`:\n\n```\n```\n\n**Key implications:**\n\n- **Options must be hashable**: All fields are serialized to compute the hash\n- **Options must be comparable**: Identical options produce identical hashes\n- **Thread-safe**: Cache access is protected by `_PIPELINE_CACHE_LOCK`\n- **Lifecycle**: Cache lives for the lifetime of the `DocumentConverter` instance\n\n**Example scenario:**\n\n```\n```\n\n**Sources:** [docling/document\\_converter.py207-378](https://github.com/docling-project/docling/blob/f7244a43/docling/document_converter.py#L207-L378) [docling/cli/main.py787-790](https://github.com/docling-project/docling/blob/f7244a43/docling/cli/main.py#L787-L790)\n\n---",
    "metadata": {
      "source": "_docling-project_docling_2.3-configuration-and-pipeline-options.md",
      "heading": "Pipeline Caching and Options Hashing",
      "heading_level": 2,
      "chunk_index": 20,
      "collection": "docling",
      "char_count": 830,
      "estimated_tokens": 207,
      "total_chunks": 32
    }
  },
  {
    "chunk_id": "docling:_docling-project_docling_2.3-configuration-and-pipeline-options.md:chunk:21",
    "content": "### Pattern 1: Minimal OCR-Free PDF Processing\n\n\nFast processing without OCR or table extraction:\n\n```\n```\n\n**Sources:** [tests/test\\_options.py141-165](https://github.com/docling-project/docling/blob/f7244a43/tests/test_options.py#L141-L165)",
    "metadata": {
      "source": "_docling-project_docling_2.3-configuration-and-pipeline-options.md",
      "heading": "Pattern 1: Minimal OCR-Free PDF Processing",
      "heading_level": 3,
      "chunk_index": 21,
      "collection": "docling",
      "char_count": 242,
      "estimated_tokens": 60,
      "total_chunks": 32
    }
  },
  {
    "chunk_id": "docling:_docling-project_docling_2.3-configuration-and-pipeline-options.md:chunk:22",
    "content": "### Pattern 2: High-Accuracy Table Extraction\n\n\n```\n```\n\n**Sources:** [tests/test\\_options.py25-40](https://github.com/docling-project/docling/blob/f7244a43/tests/test_options.py#L25-L40)",
    "metadata": {
      "source": "_docling-project_docling_2.3-configuration-and-pipeline-options.md",
      "heading": "Pattern 2: High-Accuracy Table Extraction",
      "heading_level": 3,
      "chunk_index": 22,
      "collection": "docling",
      "char_count": 187,
      "estimated_tokens": 46,
      "total_chunks": 32
    }
  },
  {
    "chunk_id": "docling:_docling-project_docling_2.3-configuration-and-pipeline-options.md:chunk:23",
    "content": "### Pattern 3: GPU-Accelerated Processing\n\n\n```\n```\n\n**Sources:** [tests/test\\_options.py43-78](https://github.com/docling-project/docling/blob/f7244a43/tests/test_options.py#L43-L78)",
    "metadata": {
      "source": "_docling-project_docling_2.3-configuration-and-pipeline-options.md",
      "heading": "Pattern 3: GPU-Accelerated Processing",
      "heading_level": 3,
      "chunk_index": 23,
      "collection": "docling",
      "char_count": 183,
      "estimated_tokens": 45,
      "total_chunks": 32
    }
  },
  {
    "chunk_id": "docling:_docling-project_docling_2.3-configuration-and-pipeline-options.md:chunk:24",
    "content": "### Pattern 4: Code and Formula Enrichment\n\n\n```\n```\n\n**Sources:** [docling/models/code\\_formula\\_model.py70-116](https://github.com/docling-project/docling/blob/f7244a43/docling/models/code_formula_model.py#L70-L116)",
    "metadata": {
      "source": "_docling-project_docling_2.3-configuration-and-pipeline-options.md",
      "heading": "Pattern 4: Code and Formula Enrichment",
      "heading_level": 3,
      "chunk_index": 24,
      "collection": "docling",
      "char_count": 217,
      "estimated_tokens": 54,
      "total_chunks": 32
    }
  },
  {
    "chunk_id": "docling:_docling-project_docling_2.3-configuration-and-pipeline-options.md:chunk:25",
    "content": "### Pattern 5: Custom OCR Engine\n\n\n```\n```\n\n**Sources:** [docling/cli/main.py599-612](https://github.com/docling-project/docling/blob/f7244a43/docling/cli/main.py#L599-L612)",
    "metadata": {
      "source": "_docling-project_docling_2.3-configuration-and-pipeline-options.md",
      "heading": "Pattern 5: Custom OCR Engine",
      "heading_level": 3,
      "chunk_index": 25,
      "collection": "docling",
      "char_count": 173,
      "estimated_tokens": 43,
      "total_chunks": 32
    }
  },
  {
    "chunk_id": "docling:_docling-project_docling_2.3-configuration-and-pipeline-options.md:chunk:26",
    "content": "### Pattern 6: Picture Classification and Description\n\n\n```\n```\n\n**Sources:** [tests/test\\_document\\_picture\\_classifier.py12-34](https://github.com/docling-project/docling/blob/f7244a43/tests/test_document_picture_classifier.py#L12-L34)",
    "metadata": {
      "source": "_docling-project_docling_2.3-configuration-and-pipeline-options.md",
      "heading": "Pattern 6: Picture Classification and Description",
      "heading_level": 3,
      "chunk_index": 26,
      "collection": "docling",
      "char_count": 237,
      "estimated_tokens": 59,
      "total_chunks": 32
    }
  },
  {
    "chunk_id": "docling:_docling-project_docling_2.3-configuration-and-pipeline-options.md:chunk:27",
    "content": "### Pattern 7: Custom Model Artifacts Path\n\n\n```\n```\n\nThis overrides the default cache location (`~/.cache/docling`) for model artifacts.\n\n**Sources:** [docling/cli/main.py783-785](https://github.com/docling-project/docling/blob/f7244a43/docling/cli/main.py#L783-L785) [docling/datamodel/pipeline\\_options.py280](https://github.com/docling-project/docling/blob/f7244a43/docling/datamodel/pipeline_options.py#L280-L280)\n\n---",
    "metadata": {
      "source": "_docling-project_docling_2.3-configuration-and-pipeline-options.md",
      "heading": "Pattern 7: Custom Model Artifacts Path",
      "heading_level": 3,
      "chunk_index": 27,
      "collection": "docling",
      "char_count": 423,
      "estimated_tokens": 105,
      "total_chunks": 32
    }
  },
  {
    "chunk_id": "docling:_docling-project_docling_2.3-configuration-and-pipeline-options.md:chunk:28",
    "content": "## Options Validation and Type Safety\n\n\nAll options classes use Pydantic for validation:\n\n```\n```\n\n**Protected fields:**\n\n- `model_config = ConfigDict(extra=\"forbid\")` prevents typos in field names\n- `ClassVar` fields (like `kind`) are not included in serialization\n- Optional fields with defaults enable gradual configuration\n\n**Sources:** [docling/datamodel/pipeline\\_options.py](https://github.com/docling-project/docling/blob/f7244a43/docling/datamodel/pipeline_options.py)\n\n---",
    "metadata": {
      "source": "_docling-project_docling_2.3-configuration-and-pipeline-options.md",
      "heading": "Options Validation and Type Safety",
      "heading_level": 2,
      "chunk_index": 28,
      "collection": "docling",
      "char_count": 482,
      "estimated_tokens": 120,
      "total_chunks": 32
    }
  },
  {
    "chunk_id": "docling:_docling-project_docling_2.3-configuration-and-pipeline-options.md:chunk:29",
    "content": "## Summary\n\n\nDocling's configuration system provides:\n\n1. **Hierarchical structure**: Base classes provide common fields, specialized classes add domain-specific controls\n2. **Type safety**: Pydantic validation catches configuration errors early\n3. **Multiple sources**: CLI, environment variables, and programmatic API all map to the same options classes\n4. **Factory patterns**: OCR engines and other pluggable components use factories with options\n5. **Efficient caching**: Pipeline instances are reused based on options hashing\n6. **Sensible defaults**: Every option has a reasonable default value\n7. **Extensibility**: New options can be added without breaking existing code\n\nFor pipeline-specific behavior, see [Processing Pipelines](docling-project/docling/5-processing-pipelines.md). For model initialization details, see [AI/ML Models](docling-project/docling/4-aiml-models.md).\n\nDismiss\n\nRefresh this wiki\n\nThis wiki was recently refreshed. Please wait 4 days to refresh again.",
    "metadata": {
      "source": "_docling-project_docling_2.3-configuration-and-pipeline-options.md",
      "heading": "Summary",
      "heading_level": 2,
      "chunk_index": 29,
      "collection": "docling",
      "char_count": 987,
      "estimated_tokens": 246,
      "total_chunks": 32
    }
  },
  {
    "chunk_id": "docling:_docling-project_docling_2.3-configuration-and-pipeline-options.md:chunk:30",
    "content": "### On this page",
    "metadata": {
      "source": "_docling-project_docling_2.3-configuration-and-pipeline-options.md",
      "heading": "On this page",
      "heading_level": 3,
      "chunk_index": 30,
      "collection": "docling",
      "char_count": 16,
      "estimated_tokens": 4,
      "total_chunks": 32
    }
  },
  {
    "chunk_id": "docling:_docling-project_docling_2.3-configuration-and-pipeline-options.md:chunk:31",
    "content": "- [Configuration and Pipeline Options](#configuration-and-pipeline-options.md)\n- [Purpose and Scope](#purpose-and-scope.md)\n- [Options Architecture Overview](#options-architecture-overview.md)\n- [Base Options Classes](#base-options-classes.md)\n- [BaseOptions](#baseoptions.md)\n- [PipelineOptions](#pipelineoptions.md)\n- [ConvertPipelineOptions](#convertpipelineoptions.md)\n- [PaginatedPipelineOptions](#paginatedpipelineoptions.md)\n- [Pipeline-Specific Options](#pipeline-specific-options.md)\n- [PdfPipelineOptions](#pdfpipelineoptions.md)\n- [VlmPipelineOptions](#vlmpipelineoptions.md)\n- [AsrPipelineOptions](#asrpipelineoptions.md)\n- [ThreadedPdfPipelineOptions](#threadedpdfpipelineoptions.md)\n- [Model-Specific Options](#model-specific-options.md)\n- [AcceleratorOptions](#acceleratoroptions.md)\n- [OcrOptions Hierarchy](#ocroptions-hierarchy.md)\n- [TableStructureOptions](#tablestructureoptions.md)\n- [LayoutOptions](#layoutoptions.md)\n- [Picture Description Options](#picture-description-options.md)\n- [Configuration Flow: CLI to Pipeline](#configuration-flow-cli-to-pipeline.md)\n- [Environment Variable Configuration](#environment-variable-configuration.md)\n- [FormatOption and Pipeline Mapping](#formatoption-and-pipeline-mapping.md)\n- [Pipeline Caching and Options Hashing](#pipeline-caching-and-options-hashing.md)\n- [Common Configuration Patterns](#common-configuration-patterns.md)\n- [Pattern 1: Minimal OCR-Free PDF Processing](#pattern-1-minimal-ocr-free-pdf-processing.md)\n- [Pattern 2: High-Accuracy Table Extraction](#pattern-2-high-accuracy-table-extraction.md)\n- [Pattern 3: GPU-Accelerated Processing](#pattern-3-gpu-accelerated-processing.md)\n- [Pattern 4: Code and Formula Enrichment](#pattern-4-code-and-formula-enrichment.md)\n- [Pattern 5: Custom OCR Engine](#pattern-5-custom-ocr-engine.md)\n- [Pattern 6: Picture Classification and Description](#pattern-6-picture-classification-and-description.md)\n- [Pattern 7: Custom Model Artifacts Path](#pattern-7-custom-model-artifacts-path.md)\n- [Options Validation and Type Safety](#options-validation-and-type-safety.md)\n- [Summary](#summary.md)",
    "metadata": {
      "source": "_docling-project_docling_2.3-configuration-and-pipeline-options.md",
      "heading": "On this page",
      "heading_level": 3,
      "chunk_index": 31,
      "collection": "docling",
      "char_count": 2112,
      "estimated_tokens": 528,
      "total_chunks": 32
    }
  }
]