[
  {
    "chunk_id": "docling:_docling-project_docling_10.2-model-artifacts-management.md:chunk:0",
    "content": "# Model Artifacts Management\n\n\nRelevant source files",
    "metadata": {
      "source": "_docling-project_docling_10.2-model-artifacts-management.md",
      "heading": "Model Artifacts Management",
      "heading_level": 1,
      "chunk_index": 0,
      "collection": "docling",
      "char_count": 52,
      "estimated_tokens": 13,
      "total_chunks": 25
    }
  },
  {
    "chunk_id": "docling:_docling-project_docling_10.2-model-artifacts-management.md:chunk:1",
    "content": "- [docling/cli/models.py](https://github.com/docling-project/docling/blob/f7244a43/docling/cli/models.py)\n- [docling/models/auto\\_ocr\\_model.py](https://github.com/docling-project/docling/blob/f7244a43/docling/models/auto_ocr_model.py)\n- [docling/models/base\\_ocr\\_model.py](https://github.com/docling-project/docling/blob/f7244a43/docling/models/base_ocr_model.py)\n- [docling/models/code\\_formula\\_model.py](https://github.com/docling-project/docling/blob/f7244a43/docling/models/code_formula_model.py)\n- [docling/models/document\\_picture\\_classifier.py](https://github.com/docling-project/docling/blob/f7244a43/docling/models/document_picture_classifier.py)\n- [docling/models/easyocr\\_model.py](https://github.com/docling-project/docling/blob/f7244a43/docling/models/easyocr_model.py)\n- [docling/models/layout\\_model.py](https://github.com/docling-project/docling/blob/f7244a43/docling/models/layout_model.py)\n- [docling/models/page\\_assemble\\_model.py](https://github.com/docling-project/docling/blob/f7244a43/docling/models/page_assemble_model.py)\n- [docling/models/page\\_preprocessing\\_model.py](https://github.com/docling-project/docling/blob/f7244a43/docling/models/page_preprocessing_model.py)\n- [docling/models/picture\\_description\\_vlm\\_model.py](https://github.com/docling-project/docling/blob/f7244a43/docling/models/picture_description_vlm_model.py)\n- [docling/models/plugins/defaults.py](https://github.com/docling-project/docling/blob/f7244a43/docling/models/plugins/defaults.py)\n- [docling/models/rapid\\_ocr\\_model.py](https://github.com/docling-project/docling/blob/f7244a43/docling/models/rapid_ocr_model.py)\n- [docling/models/table\\_structure\\_model.py](https://github.com/docling-project/docling/blob/f7244a43/docling/models/table_structure_model.py)\n- [docling/pipeline/standard\\_pdf\\_pipeline.py](https://github.com/docling-project/docling/blob/f7244a43/docling/pipeline/standard_pdf_pipeline.py)\n- [docling/utils/model\\_downloader.py](https://github.com/docling-project/docling/blob/f7244a43/docling/utils/model_downloader.py)\n- [tests/test\\_document\\_picture\\_classifier.py](https://github.com/docling-project/docling/blob/f7244a43/tests/test_document_picture_classifier.py)\n- [tests/test\\_options.py](https://github.com/docling-project/docling/blob/f7244a43/tests/test_options.py)",
    "metadata": {
      "source": "_docling-project_docling_10.2-model-artifacts-management.md",
      "heading": "Model Artifacts Management",
      "heading_level": 1,
      "chunk_index": 1,
      "collection": "docling",
      "char_count": 2305,
      "estimated_tokens": 576,
      "total_chunks": 25
    }
  },
  {
    "chunk_id": "docling:_docling-project_docling_10.2-model-artifacts-management.md:chunk:2",
    "content": "github.com/docling-project/docling/blob/f7244a43/tests/test_document_picture_classifier.py)\n- [tests/test\\_options.py](https://github.com/docling-project/docling/blob/f7244a43/tests/test_options.py)\n\nThis page documents how Docling manages AI/ML model artifacts, including downloading models from remote sources, configuring local storage paths, and operating in offline mode. Model artifacts include weights, tokenizers, configuration files, and other resources required by various AI models used throughout the pipeline.\n\nFor information about model integration and usage within pipelines, see [AI/ML Models](docling-project/docling/4-aiml-models.md). For deployment considerations, see [Docker Deployment](docling-project/docling/10.1-docker-deployment.md).",
    "metadata": {
      "source": "_docling-project_docling_10.2-model-artifacts-management.md",
      "heading": "Model Artifacts Management",
      "heading_level": 1,
      "chunk_index": 2,
      "collection": "docling",
      "char_count": 760,
      "estimated_tokens": 190,
      "total_chunks": 25
    }
  },
  {
    "chunk_id": "docling:_docling-project_docling_10.2-model-artifacts-management.md:chunk:3",
    "content": "## Overview\n\n\nDocling uses multiple AI models that require downloading large binary artifacts before first use. The system provides:\n\n- **Automatic downloading**: Models are downloaded on first use if not found locally\n- **Centralized cache**: All models stored in a configurable cache directory\n- **Offline mode**: Pre-download models for air-gapped environments\n- **CLI tools**: `docling-tools` command for managing model downloads\n- **HuggingFace integration**: Primary model source with fallback to ModelScope\n\nThe default cache location is `~/.cache/docling/models/`, but this can be customized via configuration or environment variables.\n\nSources: \\[docling/datamodel/settings.py], [docling/utils/model\\_downloader.py1-159](https://github.com/docling-project/docling/blob/f7244a43/docling/utils/model_downloader.py#L1-L159) [docling/cli/models.py1-197](https://github.com/docling-project/docling/blob/f7244a43/docling/cli/models.py#L1-L197)",
    "metadata": {
      "source": "_docling-project_docling_10.2-model-artifacts-management.md",
      "heading": "Overview",
      "heading_level": 2,
      "chunk_index": 3,
      "collection": "docling",
      "char_count": 946,
      "estimated_tokens": 236,
      "total_chunks": 25
    }
  },
  {
    "chunk_id": "docling:_docling-project_docling_10.2-model-artifacts-management.md:chunk:4",
    "content": "## Model Download Architecture\n\n\n```\n```\n\n**Diagram: Model Download Flow**\n\nThe download system has three entry points: CLI-based pre-download, automatic download on first model use, and explicit programmatic calls. Downloads are routed through either the centralized `download_models()` function or model-specific downloaders. HuggingFace serves as the primary source with ModelScope fallback, while OCR models use specialized sources (ModelScope for RapidOCR, GitHub for EasyOCR).\n\nSources: [docling/utils/model\\_downloader.py30-158](https://github.com/docling-project/docling/blob/f7244a43/docling/utils/model_downloader.py#L30-L158) [docling/cli/models.py54-127](https://github.com/docling-project/docling/blob/f7244a43/docling/cli/models.py#L54-L127) [docling/models/rapid\\_ocr\\_model.py202-224](https://github.com/docling-project/docling/blob/f7244a43/docling/models/rapid_ocr_model.py#L202-L224) [docling/models/easyocr\\_model.py93-127](https://github.com/docling-project/docling/blob/f7244a43/docling/models/easyocr_model.py#L93-L127)",
    "metadata": {
      "source": "_docling-project_docling_10.2-model-artifacts-management.md",
      "heading": "Model Download Architecture",
      "heading_level": 2,
      "chunk_index": 4,
      "collection": "docling",
      "char_count": 1042,
      "estimated_tokens": 260,
      "total_chunks": 25
    }
  },
  {
    "chunk_id": "docling:_docling-project_docling_10.2-model-artifacts-management.md:chunk:5",
    "content": "## Artifacts Path Resolution\n\n\n```\n```\n\n**Diagram: Artifacts Path Resolution Strategy**\n\nWhen initializing models, Docling follows a structured resolution process. If `artifacts_path` is provided explicitly, it checks for the new folder structure with `model_repo_folder` subdirectories (e.g., `ds4sd--docling-models/`). If not found, it falls back to the deprecated flat structure while emitting a deprecation warning. If no `artifacts_path` is provided, models are automatically downloaded to the default cache directory from `settings.cache_dir`.\n\nSources: [docling/models/table\\_structure\\_model.py33-68](https://github.com/docling-project/docling/blob/f7244a43/docling/models/table_structure_model.py#L33-L68) [docling/models/layout\\_model.py49-81](https://github.com/docling-project/docling/blob/f7244a43/docling/models/layout_model.py#L49-L81) [docling/models/code\\_formula\\_model.py73-106](https://github.com/docling-project/docling/blob/f7244a43/docling/models/code_formula_model.py#L73-L106)",
    "metadata": {
      "source": "_docling-project_docling_10.2-model-artifacts-management.md",
      "heading": "Artifacts Path Resolution",
      "heading_level": 2,
      "chunk_index": 5,
      "collection": "docling",
      "char_count": 1001,
      "estimated_tokens": 250,
      "total_chunks": 25
    }
  },
  {
    "chunk_id": "docling:_docling-project_docling_10.2-model-artifacts-management.md:chunk:6",
    "content": "### Available Models\n\n\n| Model              | Identifier           | Purpose                                     | Default |\n| ------------------ | -------------------- | ------------------------------------------- | ------- |\n| Layout Model       | `layout`             | Document layout analysis (Heron)            | ✓       |\n| TableFormer        | `tableformer`        | Table structure recognition                 | ✓       |\n| Code/Formula       | `code_formula`       | LaTeX extraction from images                | ✓       |\n| Picture Classifier | `picture_classifier` | Figure classification                       | ✓       |\n| RapidOCR           | `rapidocr`           | OCR engine (ONNX/Torch)                     | ✓       |\n| EasyOCR            | `easyocr`            | OCR engine (deep learning)                  | ✓       |\n| SmolVLM            | `smolvlm`            | Vision-language model (picture description) | -       |\n| GraniteDocling     | `granitedocling`     | VLM for document parsing (Transformers)     | -       |\n| GraniteDocling MLX | `granitedocling_mlx` | VLM for document parsing (Apple MLX)        | -       |\n| SmolDocling        | `smoldocling`        | Compact VLM (Transformers)                  | -       |\n| SmolDocling MLX    | `smoldocling_mlx`    | Compact VLM (Apple MLX)                     | -       |\n| Granite Vision     | `granite_vision`     | IBM Granite Vision model                    | -       |",
    "metadata": {
      "source": "_docling-project_docling_10.2-model-artifacts-management.md",
      "heading": "Available Models",
      "heading_level": 3,
      "chunk_index": 6,
      "collection": "docling",
      "char_count": 1450,
      "estimated_tokens": 362,
      "total_chunks": 25
    }
  },
  {
    "chunk_id": "docling:_docling-project_docling_10.2-model-artifacts-management.md:chunk:7",
    "content": "### Download Arbitrary HuggingFace Repositories\n\n\n```\n```\n\nSources: [docling/cli/models.py54-191](https://github.com/docling-project/docling/blob/f7244a43/docling/cli/models.py#L54-L191) [docling/utils/model\\_downloader.py30-158](https://github.com/docling-project/docling/blob/f7244a43/docling/utils/model_downloader.py#L30-L158)",
    "metadata": {
      "source": "_docling-project_docling_10.2-model-artifacts-management.md",
      "heading": "Download Arbitrary HuggingFace Repositories",
      "heading_level": 3,
      "chunk_index": 7,
      "collection": "docling",
      "char_count": 330,
      "estimated_tokens": 82,
      "total_chunks": 25
    }
  },
  {
    "chunk_id": "docling:_docling-project_docling_10.2-model-artifacts-management.md:chunk:8",
    "content": "### Central Download Function\n\n\nThe `download_models()` function in `docling.utils.model_downloader` provides programmatic access:\n\n```\n```",
    "metadata": {
      "source": "_docling-project_docling_10.2-model-artifacts-management.md",
      "heading": "Central Download Function",
      "heading_level": 3,
      "chunk_index": 8,
      "collection": "docling",
      "char_count": 139,
      "estimated_tokens": 34,
      "total_chunks": 25
    }
  },
  {
    "chunk_id": "docling:_docling-project_docling_10.2-model-artifacts-management.md:chunk:9",
    "content": "### Model-Specific Download Methods\n\n\nEach model class provides a static `download_models()` method:\n\n```\n```\n\nSources: [docling/utils/model\\_downloader.py30-158](https://github.com/docling-project/docling/blob/f7244a43/docling/utils/model_downloader.py#L30-L158) [docling/models/table\\_structure\\_model.py91-101](https://github.com/docling-project/docling/blob/f7244a43/docling/models/table_structure_model.py#L91-L101) [docling/models/layout\\_model.py89-102](https://github.com/docling-project/docling/blob/f7244a43/docling/models/layout_model.py#L89-L102) [docling/models/rapid\\_ocr\\_model.py202-224](https://github.com/docling-project/docling/blob/f7244a43/docling/models/rapid_ocr_model.py#L202-L224)",
    "metadata": {
      "source": "_docling-project_docling_10.2-model-artifacts-management.md",
      "heading": "Model-Specific Download Methods",
      "heading_level": 3,
      "chunk_index": 9,
      "collection": "docling",
      "char_count": 705,
      "estimated_tokens": 176,
      "total_chunks": 25
    }
  },
  {
    "chunk_id": "docling:_docling-project_docling_10.2-model-artifacts-management.md:chunk:10",
    "content": "## Model Initialization with Artifacts\n\n\n```\n```\n\n**Diagram: Model Initialization Flow**\n\nAll model classes follow a consistent initialization pattern. If the model is disabled, initialization completes immediately with passthrough behavior. For enabled models, the system first checks if `artifacts_path` was provided. If not, models are automatically downloaded to the cache. The path resolution logic handles both the new (with `model_repo_folder`) and deprecated (flat) directory structures. Finally, the appropriate predictor or model instance is loaded using the resolved path.\n\nSources: [docling/models/table\\_structure\\_model.py33-89](https://github.com/docling-project/docling/blob/f7244a43/docling/models/table_structure_model.py#L33-L89) [docling/models/layout\\_model.py49-87](https://github.com/docling-project/docling/blob/f7244a43/docling/models/layout_model.py#L49-L87) [docling/models/code\\_formula\\_model.py73-115](https://github.com/docling-project/docling/blob/f7244a43/docling/models/code_formula_model.py#L73-L115) [docling/models/rapid\\_ocr\\_model.py82-200](https://github.com/docling-project/docling/blob/f7244a43/docling/models/rapid_ocr_model.py#L82-L200)",
    "metadata": {
      "source": "_docling-project_docling_10.2-model-artifacts-management.md",
      "heading": "Model Initialization with Artifacts",
      "heading_level": 2,
      "chunk_index": 10,
      "collection": "docling",
      "char_count": 1180,
      "estimated_tokens": 295,
      "total_chunks": 25
    }
  },
  {
    "chunk_id": "docling:_docling-project_docling_10.2-model-artifacts-management.md:chunk:11",
    "content": "## Offline Mode Configuration\n\n\nFor air-gapped or offline environments, pre-download all required models:",
    "metadata": {
      "source": "_docling-project_docling_10.2-model-artifacts-management.md",
      "heading": "Offline Mode Configuration",
      "heading_level": 2,
      "chunk_index": 11,
      "collection": "docling",
      "char_count": 105,
      "estimated_tokens": 26,
      "total_chunks": 25
    }
  },
  {
    "chunk_id": "docling:_docling-project_docling_10.2-model-artifacts-management.md:chunk:12",
    "content": "### CLI with Offline Artifacts\n\n\n```\n```\n\nSources: [docling/cli/models.py128-135](https://github.com/docling-project/docling/blob/f7244a43/docling/cli/models.py#L128-L135) [tests/test\\_options.py121-165](https://github.com/docling-project/docling/blob/f7244a43/tests/test_options.py#L121-L165)",
    "metadata": {
      "source": "_docling-project_docling_10.2-model-artifacts-management.md",
      "heading": "CLI with Offline Artifacts",
      "heading_level": 3,
      "chunk_index": 12,
      "collection": "docling",
      "char_count": 293,
      "estimated_tokens": 73,
      "total_chunks": 25
    }
  },
  {
    "chunk_id": "docling:_docling-project_docling_10.2-model-artifacts-management.md:chunk:13",
    "content": "## HuggingFace Model Download Implementation\n\n\n```\n```\n\n**Diagram: HuggingFace Model Download Process**\n\nThe `download_hf_model()` function provides a thin wrapper around HuggingFace Hub's `snapshot_download()`. It standardizes local directory handling by converting repository IDs to folder names (replacing `/` with `--`) and provides ModelScope fallback for regions where HuggingFace is unavailable. The function returns the path to the downloaded repository folder.\n\nSources: \\[docling/models/utils/hf\\_model\\_download.py]",
    "metadata": {
      "source": "_docling-project_docling_10.2-model-artifacts-management.md",
      "heading": "HuggingFace Model Download Implementation",
      "heading_level": 2,
      "chunk_index": 13,
      "collection": "docling",
      "char_count": 526,
      "estimated_tokens": 131,
      "total_chunks": 25
    }
  },
  {
    "chunk_id": "docling:_docling-project_docling_10.2-model-artifacts-management.md:chunk:14",
    "content": "## Model Repository Folder Structure\n\n\nEach model type uses a standardized folder structure with a `_model_repo_folder` class attribute:\n\n```\n~/.cache/docling/models/\n├── ds4sd--docling-models/          # Layout and TableFormer models\n│   ├── model_artifacts/\n│   │   ├── layout/\n│   │   │   └── heron/              # Layout model files\n│   │   └── tableformer/\n│   │       ├── accurate/           # TableFormer accurate mode\n│   │       └── fast/               # TableFormer fast mode\n│   └── ...\n├── ds4sd--CodeFormulaV2/           # Code/Formula extraction model\n│   ├── config.json\n│   ├── preprocessor_config.json\n│   └── ...\n├── ds4sd--DocumentFigureClassifier/  # Picture classifier\n│   └── ...\n├── RapidOcr/                       # RapidOCR models\n│   ├── onnx/\n│   │   └── PP-OCRv4/\n│   │       ├── det/\n│   │       ├── cls/\n│   │       └── rec/\n│   └── torch/\n│       └── PP-OCRv4/\n│           └── ...\n├── EasyOcr/                        # EasyOCR models\n│   ├── craft.pth\n│   ├── english_g2.pth\n│   └── latin_g2.pth\n└── IBM--granite-docling-v1/        # VLM models\n    └── ...\n```",
    "metadata": {
      "source": "_docling-project_docling_10.2-model-artifacts-management.md",
      "heading": "Model Repository Folder Structure",
      "heading_level": 2,
      "chunk_index": 14,
      "collection": "docling",
      "char_count": 1091,
      "estimated_tokens": 272,
      "total_chunks": 25
    }
  },
  {
    "chunk_id": "docling:_docling-project_docling_10.2-model-artifacts-management.md:chunk:15",
    "content": "### Model Repository Folder Mapping\n\n\n| Model Class                 | `_model_repo_folder`              | HuggingFace Repo                 |\n| --------------------------- | --------------------------------- | -------------------------------- |\n| `LayoutModel`               | `ds4sd--docling-models`           | `ds4sd/docling-models`           |\n| `TableStructureModel`       | `ds4sd--docling-models`           | `ds4sd/docling-models`           |\n| `CodeFormulaModel`          | `ds4sd--CodeFormulaV2`            | `ds4sd/CodeFormulaV2`            |\n| `DocumentPictureClassifier` | `ds4sd--DocumentFigureClassifier` | `ds4sd/DocumentFigureClassifier` |\n| `RapidOcrModel`             | `RapidOcr`                        | ModelScope: `RapidAI/RapidOCR`   |\n| `EasyOcrModel`              | `EasyOcr`                         | GitHub: `JaidedAI/EasyOCR`       |\n\nSources: [docling/models/table\\_structure\\_model.py29-31](https://github.com/docling-project/docling/blob/f7244a43/docling/models/table_structure_model.py#L29-L31) [docling/models/layout\\_model.py28](https://github.com/docling-project/docling/blob/f7244a43/docling/models/layout_model.py#L28-L28) [docling/models/code\\_formula\\_model.py68](https://github.com/docling-project/docling/blob/f7244a43/docling/models/code_formula_model.py#L68-L68) [docling/models/document\\_picture\\_classifier.py62](https://github.com/docling-project/docling/blob/f7244a43/docling/models/document_picture_classifier.py#L62-L62) [docling/models/rapid\\_ocr\\_model.py37](https://github.com/docling-project/docling/blob/f7244a43/docling/models/rapid_ocr_model.py#L37-L37) [docling/models/easyocr\\_model.py29](https://github.com/docling-project/docling/blob/f7244a43/docling/models/easyocr_model.py#L29-L29)",
    "metadata": {
      "source": "_docling-project_docling_10.2-model-artifacts-management.md",
      "heading": "Model Repository Folder Mapping",
      "heading_level": 3,
      "chunk_index": 15,
      "collection": "docling",
      "char_count": 1744,
      "estimated_tokens": 436,
      "total_chunks": 25
    }
  },
  {
    "chunk_id": "docling:_docling-project_docling_10.2-model-artifacts-management.md:chunk:16",
    "content": "#### Issue: Models Not Found After Download\n\n\n**Symptom**: Models download successfully but initialization fails with \"model not found\" errors.\n\n**Cause**: Mismatch between artifacts path structure (flat vs. nested with `model_repo_folder`).\n\n**Solution**:\n\n```\n```",
    "metadata": {
      "source": "_docling-project_docling_10.2-model-artifacts-management.md",
      "heading": "Issue: Models Not Found After Download",
      "heading_level": 4,
      "chunk_index": 16,
      "collection": "docling",
      "char_count": 265,
      "estimated_tokens": 66,
      "total_chunks": 25
    }
  },
  {
    "chunk_id": "docling:_docling-project_docling_10.2-model-artifacts-management.md:chunk:17",
    "content": "#### Issue: Deprecation Warnings\n\n\n**Symptom**: `DeprecationWarning: The usage of artifacts_path containing directly model_path is deprecated`\n\n**Cause**: Using old flat directory structure without `model_repo_folder` subdirectories.\n\n**Solution**: Reorganize cache to new structure or re-download models using `docling-tools models download`.",
    "metadata": {
      "source": "_docling-project_docling_10.2-model-artifacts-management.md",
      "heading": "Issue: Deprecation Warnings",
      "heading_level": 4,
      "chunk_index": 17,
      "collection": "docling",
      "char_count": 343,
      "estimated_tokens": 85,
      "total_chunks": 25
    }
  },
  {
    "chunk_id": "docling:_docling-project_docling_10.2-model-artifacts-management.md:chunk:18",
    "content": "#### Issue: Download Failures in China\n\n\n**Symptom**: Timeouts or connection errors when downloading from HuggingFace.\n\n**Solution**: The system automatically falls back to ModelScope. Ensure ModelScope access is available or use VPN.",
    "metadata": {
      "source": "_docling-project_docling_10.2-model-artifacts-management.md",
      "heading": "Issue: Download Failures in China",
      "heading_level": 4,
      "chunk_index": 18,
      "collection": "docling",
      "char_count": 234,
      "estimated_tokens": 58,
      "total_chunks": 25
    }
  },
  {
    "chunk_id": "docling:_docling-project_docling_10.2-model-artifacts-management.md:chunk:19",
    "content": "#### Issue: Insufficient Disk Space\n\n\n**Symptom**: Partial downloads or corrupted model files.\n\n**Solution**: Ensure sufficient disk space before downloading. Full model set requires approximately:\n\n- Layout models: \\~1.2 GB\n- TableFormer: \\~500 MB per mode (fast/accurate)\n- Code/Formula: \\~2.5 GB\n- VLM models: 3-8 GB each\n- OCR models: \\~150-300 MB each",
    "metadata": {
      "source": "_docling-project_docling_10.2-model-artifacts-management.md",
      "heading": "Issue: Insufficient Disk Space",
      "heading_level": 4,
      "chunk_index": 19,
      "collection": "docling",
      "char_count": 356,
      "estimated_tokens": 89,
      "total_chunks": 25
    }
  },
  {
    "chunk_id": "docling:_docling-project_docling_10.2-model-artifacts-management.md:chunk:20",
    "content": "#### Issue: Permission Errors\n\n\n**Symptom**: `PermissionError` when writing to cache directory.\n\n**Solution**:\n\n```\n```\n\nSources: [docling/models/table\\_structure\\_model.py55-63](https://github.com/docling-project/docling/blob/f7244a43/docling/models/table_structure_model.py#L55-L63) [docling/models/layout\\_model.py73-81](https://github.com/docling-project/docling/blob/f7244a43/docling/models/layout_model.py#L73-L81)",
    "metadata": {
      "source": "_docling-project_docling_10.2-model-artifacts-management.md",
      "heading": "Issue: Permission Errors",
      "heading_level": 4,
      "chunk_index": 20,
      "collection": "docling",
      "char_count": 420,
      "estimated_tokens": 105,
      "total_chunks": 25
    }
  },
  {
    "chunk_id": "docling:_docling-project_docling_10.2-model-artifacts-management.md:chunk:21",
    "content": "## Environment Variables\n\n\nThe following environment variables affect model artifacts management:\n\n| Variable            | Purpose                        | Default            | Example                |\n| ------------------- | ------------------------------ | ------------------ | ---------------------- |\n| `DOCLING_CACHE_DIR` | Base cache directory           | `~/.cache/docling` | `/data/docling-cache`  |\n| `HF_HOME`           | HuggingFace cache (if used)    | Not set            | `~/.cache/huggingface` |\n| `HF_HUB_OFFLINE`    | Force HuggingFace offline mode | Not set            | `1`                    |",
    "metadata": {
      "source": "_docling-project_docling_10.2-model-artifacts-management.md",
      "heading": "Environment Variables",
      "heading_level": 2,
      "chunk_index": 21,
      "collection": "docling",
      "char_count": 613,
      "estimated_tokens": 153,
      "total_chunks": 25
    }
  },
  {
    "chunk_id": "docling:_docling-project_docling_10.2-model-artifacts-management.md:chunk:22",
    "content": "## Model Version Management\n\n\nModels are versioned through HuggingFace repository revisions:\n\n```\n```",
    "metadata": {
      "source": "_docling-project_docling_10.2-model-artifacts-management.md",
      "heading": "Model Version Management",
      "heading_level": 2,
      "chunk_index": 22,
      "collection": "docling",
      "char_count": 101,
      "estimated_tokens": 25,
      "total_chunks": 25
    }
  },
  {
    "chunk_id": "docling:_docling-project_docling_10.2-model-artifacts-management.md:chunk:23",
    "content": "### Current Model Versions\n\n\n| Model              | Repository                       | Revision | Location in Code                                                                                                                             |\n| ------------------ | -------------------------------- | -------- | -------------------------------------------------------------------------------------------------------------------------------------------- |\n| Layout (Heron)     | `ds4sd/docling-models`           | `v2.3.0` | [layout\\_model.py96-98](https://github.com/docling-project/docling/blob/f7244a43/layout_model.py#L96-L98)                                    |\n| TableFormer        | `ds4sd/docling-models`           | `v2.3.0` | [table\\_structure\\_model.py95-100](https://github.com/docling-project/docling/blob/f7244a43/table_structure_model.py#L95-L100)               |\n| Code/Formula       | `ds4sd/CodeFormulaV2`            | `main`   | [code\\_formula\\_model.py123-128](https://github.com/docling-project/docling/blob/f7244a43/code_formula_model.py#L123-L128)                   |\n| Picture Classifier | `ds4sd/DocumentFigureClassifier` | `v1.0.1` | [document\\_picture\\_classifier.py110-115](https://github.com/docling-project/docling/blob/f7244a43/document_picture_classifier.py#L110-L115) |\n\nSources: [docling/models/table\\_structure\\_model.py91-101](https://github.com/docling-project/docling/blob/f7244a43/docling/models/table_structure_model.py#L91-L101) [docling/models/layout\\_model.py89-102](https://github.com/docling-project/docling/blob/f7244a43/docling/models/layout_model.py#L89-L102) [docling/models/code\\_formula\\_model.py118-129](https://github.com/docling-project/docling/blob/f7244a43/docling/models/code_formula_model.py#L118-L129) [docling/models/document\\_picture\\_classifier.py106-116](https://github.com/docling-project/docling/blob/f7244a43/docling/models/document_picture_classifier.py#L106-L116)\n\nDismiss\n\nRefresh this wiki\n\nThis wiki was recently refreshed. Please wait 4 days to refresh again.",
    "metadata": {
      "source": "_docling-project_docling_10.2-model-artifacts-management.md",
      "heading": "Current Model Versions",
      "heading_level": 3,
      "chunk_index": 23,
      "collection": "docling",
      "char_count": 2029,
      "estimated_tokens": 507,
      "total_chunks": 25
    }
  },
  {
    "chunk_id": "docling:_docling-project_docling_10.2-model-artifacts-management.md:chunk:24",
    "content": "### On this page\n\n\n- [Model Artifacts Management](#model-artifacts-management.md)\n- [Overview](#overview.md)\n- [Model Download Architecture](#model-download-architecture.md)\n- [Artifacts Path Resolution](#artifacts-path-resolution.md)\n- [Model Download CLI](#model-download-cli.md)\n- [Basic Download Command](#basic-download-command.md)\n- [Available Models](#available-models.md)\n- [Download Arbitrary HuggingFace Repositories](#download-arbitrary-huggingface-repositories.md)\n- [Programmatic Model Downloads](#programmatic-model-downloads.md)\n- [Central Download Function](#central-download-function.md)\n- [Model-Specific Download Methods](#model-specific-download-methods.md)\n- [Model Initialization with Artifacts](#model-initialization-with-artifacts.md)\n- [Offline Mode Configuration](#offline-mode-configuration.md)\n- [Pre-Download All Models](#pre-download-all-models.md)\n- [Configure Pipeline for Offline Use](#configure-pipeline-for-offline-use.md)\n- [CLI with Offline Artifacts](#cli-with-offline-artifacts.md)\n- [HuggingFace Model Download Implementation](#huggingface-model-download-implementation.md)\n- [Model Repository Folder Structure](#model-repository-folder-structure.md)\n- [Model Repository Folder Mapping](#model-repository-folder-mapping.md)\n- [Troubleshooting Model Loading](#troubleshooting-model-loading.md)\n- [Common Issues and Solutions](#common-issues-and-solutions.md)\n- [Issue: Models Not Found After Download](#issue-models-not-found-after-download.md)\n- [Issue: Deprecation Warnings](#issue-deprecation-warnings.md)\n- [Issue: Download Failures in China](#issue-download-failures-in-china.md)\n- [Issue: Insufficient Disk Space](#issue-insufficient-disk-space.md)\n- [Issue: Permission Errors](#issue-permission-errors.md)\n- [Environment Variables](#environment-variables.md)\n- [Setting Environment Variables](#setting-environment-variables.md)\n- [Model Version Management](#model-version-management.md)\n- [Current Model Versions](#current-model-versions.md)",
    "metadata": {
      "source": "_docling-project_docling_10.2-model-artifacts-management.md",
      "heading": "On this page",
      "heading_level": 3,
      "chunk_index": 24,
      "collection": "docling",
      "char_count": 1987,
      "estimated_tokens": 496,
      "total_chunks": 25
    }
  }
]