[
  {
    "chunk_id": "docling:_docling-project_docling_8.3-framework-integrations.md:chunk:0",
    "content": "# Framework Integrations\n\n\nRelevant source files\n\n- [.github/SECURITY.md](https://github.com/docling-project/docling/blob/f7244a43/.github/SECURITY.md)\n- [CHANGELOG.md](https://github.com/docling-project/docling/blob/f7244a43/CHANGELOG.md)\n- [CITATION.cff](https://github.com/docling-project/docling/blob/f7244a43/CITATION.cff)\n- [README.md](https://github.com/docling-project/docling/blob/f7244a43/README.md)\n- [docs/examples/minimal\\_vlm\\_pipeline.py](https://github.com/docling-project/docling/blob/f7244a43/docs/examples/minimal_vlm_pipeline.py)\n- [docs/index.md](https://github.com/docling-project/docling/blob/f7244a43/docs/index.md)\n- [docs/usage/index.md](https://github.com/docling-project/docling/blob/f7244a43/docs/usage/index.md)\n- [docs/usage/mcp.md](https://github.com/docling-project/docling/blob/f7244a43/docs/usage/mcp.md)\n- [docs/usage/vision\\_models.md](https://github.com/docling-project/docling/blob/f7244a43/docs/usage/vision_models.md)\n- [mkdocs.yml](https://github.com/docling-project/docling/blob/f7244a43/mkdocs.yml)\n- [pyproject.toml](https://github.com/docling-project/docling/blob/f7244a43/pyproject.toml)\n- [uv.lock](https://github.com/docling-project/docling/blob/f7244a43/uv.lock)",
    "metadata": {
      "source": "_docling-project_docling_8.3-framework-integrations.md",
      "heading": "Framework Integrations",
      "heading_level": 1,
      "chunk_index": 0,
      "collection": "docling",
      "char_count": 1212,
      "estimated_tokens": 303,
      "total_chunks": 23
    }
  },
  {
    "chunk_id": "docling:_docling-project_docling_8.3-framework-integrations.md:chunk:1",
    "content": "## Purpose and Scope\n\n\nThis page documents how Docling integrates with AI development frameworks, vector databases, data processing pipelines, and agentic systems. It covers the architectural patterns, export formats, and protocols that enable seamless integration with the broader GenAI ecosystem.\n\nFor information about export format options and serialization, see [Export Formats](docling-project/docling/8.1-export-formats.md). For chunking strategies used in retrieval pipelines, see [Document Chunking](docling-project/docling/8.2-document-chunking.md).\n\n---",
    "metadata": {
      "source": "_docling-project_docling_8.3-framework-integrations.md",
      "heading": "Purpose and Scope",
      "heading_level": 2,
      "chunk_index": 1,
      "collection": "docling",
      "char_count": 564,
      "estimated_tokens": 141,
      "total_chunks": 23
    }
  },
  {
    "chunk_id": "docling:_docling-project_docling_8.3-framework-integrations.md:chunk:2",
    "content": "## Integration Architecture Overview\n\n\nDocling's integration strategy is built on three foundational principles:\n\n1. **Unified Representation**: The `DoclingDocument` class provides a consistent document model that all downstream systems consume\n2. **Multiple Export Formats**: Support for Markdown, JSON, HTML, and DocTags enables compatibility with diverse framework requirements\n3. **Standardized Protocols**: MCP (Model Context Protocol) support for agentic AI systems\n\n```\n```\n\n**Diagram: Docling Integration Architecture**\n\nSources: [pyproject.toml1-280](https://github.com/docling-project/docling/blob/f7244a43/pyproject.toml#L1-L280) [README.md109-113](https://github.com/docling-project/docling/blob/f7244a43/README.md#L109-L113) [mkdocs.yml128-155](https://github.com/docling-project/docling/blob/f7244a43/mkdocs.yml#L128-L155)\n\n---",
    "metadata": {
      "source": "_docling-project_docling_8.3-framework-integrations.md",
      "heading": "Integration Architecture Overview",
      "heading_level": 2,
      "chunk_index": 2,
      "collection": "docling",
      "char_count": 842,
      "estimated_tokens": 210,
      "total_chunks": 23
    }
  },
  {
    "chunk_id": "docling:_docling-project_docling_8.3-framework-integrations.md:chunk:3",
    "content": "## DoclingDocument as Integration Foundation\n\n\nThe `DoclingDocument` class serves as the universal interchange format for all integrations. It provides:\n\n- **Hierarchical Structure**: Nested document elements with parent-child relationships\n- **Content Layers**: Separation of body content from furniture elements (headers, footers, page numbers)\n- **Rich Metadata**: Provenance information, bounding boxes, confidence scores\n- **Multiple Serialization**: JSON, Markdown, HTML, and DocTags output",
    "metadata": {
      "source": "_docling-project_docling_8.3-framework-integrations.md",
      "heading": "DoclingDocument as Integration Foundation",
      "heading_level": 2,
      "chunk_index": 3,
      "collection": "docling",
      "char_count": 496,
      "estimated_tokens": 124,
      "total_chunks": 23
    }
  },
  {
    "chunk_id": "docling:_docling-project_docling_8.3-framework-integrations.md:chunk:4",
    "content": "### Key Export Methods\n\n\n| Method                 | Output Format | Primary Use Case                     | Framework Compatibility         |\n| ---------------------- | ------------- | ------------------------------------ | ------------------------------- |\n| `export_to_markdown()` | Markdown      | RAG pipelines, LLM consumption       | LangChain, LlamaIndex, Haystack |\n| `export_to_json()`     | JSON          | Structured data processing           | All frameworks                  |\n| `export_to_html()`     | HTML          | Web display, rich formatting         | Custom applications             |\n| DocTags                | Custom XML    | VLM training, fine-grained structure | Research, model development     |\n\n```\n```\n\n**Diagram: DoclingDocument Structure and Export Pathways**\n\nSources: [README.md26-27](https://github.com/docling-project/docling/blob/f7244a43/README.md#L26-L27) [docs/index.md26-27](https://github.com/docling-project/docling/blob/f7244a43/docs/index.md#L26-L27) [pyproject.toml47](https://github.com/docling-project/docling/blob/f7244a43/pyproject.toml#L47-L47)\n\n---",
    "metadata": {
      "source": "_docling-project_docling_8.3-framework-integrations.md",
      "heading": "Key Export Methods",
      "heading_level": 3,
      "chunk_index": 4,
      "collection": "docling",
      "char_count": 1098,
      "estimated_tokens": 274,
      "total_chunks": 23
    }
  },
  {
    "chunk_id": "docling:_docling-project_docling_8.3-framework-integrations.md:chunk:5",
    "content": "## Model Context Protocol (MCP) Integration\n\n\nThe Model Context Protocol (MCP) is an emerging standard for connecting AI applications to external tools and data sources. Docling provides a dedicated MCP server that enables agentic AI systems to access document processing capabilities.",
    "metadata": {
      "source": "_docling-project_docling_8.3-framework-integrations.md",
      "heading": "Model Context Protocol (MCP) Integration",
      "heading_level": 2,
      "chunk_index": 5,
      "collection": "docling",
      "char_count": 285,
      "estimated_tokens": 71,
      "total_chunks": 23
    }
  },
  {
    "chunk_id": "docling:_docling-project_docling_8.3-framework-integrations.md:chunk:6",
    "content": "### Configuration Example\n\n\nMCP clients connect to the Docling server through a configuration file specifying the command and arguments:\n\n```\n```\n\nThis configuration is used in:\n\n- **Claude Desktop**: `claude_desktop_config.json`\n- **LM Studio**: `mcp.json`\n- **Custom clients**: Any MCP-compatible client\n\nThe MCP server exposes Docling's document conversion and extraction capabilities as tools that AI agents can invoke autonomously. This enables use cases such as:\n\n- Document Q\\&A with automatic parsing\n- Multi-document synthesis workflows\n- Automated data extraction from forms and tables\n- Document-based reasoning chains\n\nSources: [docs/usage/mcp.md1-31](https://github.com/docling-project/docling/blob/f7244a43/docs/usage/mcp.md#L1-L31) [README.md41-42](https://github.com/docling-project/docling/blob/f7244a43/README.md#L41-L42)\n\n---",
    "metadata": {
      "source": "_docling-project_docling_8.3-framework-integrations.md",
      "heading": "Configuration Example",
      "heading_level": 3,
      "chunk_index": 6,
      "collection": "docling",
      "char_count": 844,
      "estimated_tokens": 211,
      "total_chunks": 23
    }
  },
  {
    "chunk_id": "docling:_docling-project_docling_8.3-framework-integrations.md:chunk:7",
    "content": "### LangChain Integration\n\n\nLangChain integration leverages Docling's Markdown export and chunking capabilities for RAG (Retrieval-Augmented Generation) pipelines.\n\n**Integration Pattern:**\n\n1. Convert documents using `DocumentConverter`\n2. Export to Markdown with `export_to_markdown()`\n3. Apply chunking via `HybridChunker` from `docling-core`\n4. Create LangChain `Document` objects\n5. Index in vector store (Milvus, Qdrant, etc.)\n\n```\n```\n\n**Diagram: LangChain RAG Pipeline with Docling**\n\n**Key Dependencies:**\n\n- `langchain-huggingface>=0.0.3` - Embedding models\n- `langchain-milvus~=0.1` - Milvus vector store\n- `langchain-text-splitters~=0.2` - Text splitting utilities\n\nSources: [pyproject.toml144-146](https://github.com/docling-project/docling/blob/f7244a43/pyproject.toml#L144-L146) [mkdocs.yml134](https://github.com/docling-project/docling/blob/f7244a43/mkdocs.yml#L134-L134)\n\n---",
    "metadata": {
      "source": "_docling-project_docling_8.3-framework-integrations.md",
      "heading": "LangChain Integration",
      "heading_level": 3,
      "chunk_index": 7,
      "collection": "docling",
      "char_count": 893,
      "estimated_tokens": 223,
      "total_chunks": 23
    }
  },
  {
    "chunk_id": "docling:_docling-project_docling_8.3-framework-integrations.md:chunk:8",
    "content": "### LlamaIndex Integration\n\n\nLlamaIndex integration follows a similar pattern but uses LlamaIndex-specific abstractions for document loading and indexing.\n\n**Integration Components:**\n\n| Component    | Purpose            | Docling Interface                 |\n| ------------ | ------------------ | --------------------------------- |\n| Reader       | Document ingestion | `DocumentConverter.convert()`     |\n| Node Parser  | Chunking           | `HybridChunker` from docling-core |\n| Vector Store | Embedding storage  | Weaviate, MongoDB, etc.           |\n| Query Engine | Retrieval          | Standard LlamaIndex query         |\n\n```\n```\n\n**Diagram: LlamaIndex Integration Architecture**\n\nSources: [mkdocs.yml136](https://github.com/docling-project/docling/blob/f7244a43/mkdocs.yml#L136-L136) [mkdocs.yml109](https://github.com/docling-project/docling/blob/f7244a43/mkdocs.yml#L109-L109)\n\n---",
    "metadata": {
      "source": "_docling-project_docling_8.3-framework-integrations.md",
      "heading": "LlamaIndex Integration",
      "heading_level": 3,
      "chunk_index": 8,
      "collection": "docling",
      "char_count": 892,
      "estimated_tokens": 223,
      "total_chunks": 23
    }
  },
  {
    "chunk_id": "docling:_docling-project_docling_8.3-framework-integrations.md:chunk:9",
    "content": "### Haystack Integration\n\n\nHaystack integration uses Docling as a document converter within Haystack pipelines, enabling preprocessing before RAG or search operations.\n\n**Typical Haystack Pipeline:**\n\n1. `DocumentConverter` as preprocessing step\n2. Export to structured format\n3. Pass to Haystack `Pipeline`\n4. Route to retriever or generator components\n\n**Supported Vector Stores:**\n\n- OpenSearch\n- Azure Cognitive Search\n\nSources: [mkdocs.yml133](https://github.com/docling-project/docling/blob/f7244a43/mkdocs.yml#L133-L133) [mkdocs.yml123](https://github.com/docling-project/docling/blob/f7244a43/mkdocs.yml#L123-L123)\n\n---",
    "metadata": {
      "source": "_docling-project_docling_8.3-framework-integrations.md",
      "heading": "Haystack Integration",
      "heading_level": 3,
      "chunk_index": 9,
      "collection": "docling",
      "char_count": 627,
      "estimated_tokens": 156,
      "total_chunks": 23
    }
  },
  {
    "chunk_id": "docling:_docling-project_docling_8.3-framework-integrations.md:chunk:10",
    "content": "### Agentic AI Frameworks\n\n\nMultiple agentic frameworks integrate Docling to provide document understanding capabilities to autonomous agents:\n\n| Framework           | Integration Type | Key Feature                    |\n| ------------------- | ---------------- | ------------------------------ |\n| Crew AI             | Tool             | Document parsing as crew task  |\n| Bee Agent Framework | Tool             | Multi-agent document workflows |\n| Langflow            | Node             | Visual pipeline integration    |\n| txtai               | Pipeline         | Embedded document processing   |\n\n```\n```\n\n**Diagram: Agentic Framework Integration Patterns**\n\nSources: [mkdocs.yml131-137](https://github.com/docling-project/docling/blob/f7244a43/mkdocs.yml#L131-L137) [README.md29](https://github.com/docling-project/docling/blob/f7244a43/README.md#L29-L29)\n\n---",
    "metadata": {
      "source": "_docling-project_docling_8.3-framework-integrations.md",
      "heading": "Agentic AI Frameworks",
      "heading_level": 3,
      "chunk_index": 10,
      "collection": "docling",
      "char_count": 865,
      "estimated_tokens": 216,
      "total_chunks": 23
    }
  },
  {
    "chunk_id": "docling:_docling-project_docling_8.3-framework-integrations.md:chunk:11",
    "content": "## Vector Database Integrations\n\n\nDocling's chunking and embedding-friendly output formats enable integration with major vector databases for semantic search and RAG applications.",
    "metadata": {
      "source": "_docling-project_docling_8.3-framework-integrations.md",
      "heading": "Vector Database Integrations",
      "heading_level": 2,
      "chunk_index": 11,
      "collection": "docling",
      "char_count": 179,
      "estimated_tokens": 44,
      "total_chunks": 23
    }
  },
  {
    "chunk_id": "docling:_docling-project_docling_8.3-framework-integrations.md:chunk:12",
    "content": "### Supported Vector Databases\n\n\n| Vector DB    | Primary Framework | Integration Path                |\n| ------------ | ----------------- | ------------------------------- |\n| Milvus       | LangChain         | `langchain-milvus` connector    |\n| Qdrant       | LangChain, Direct | Python client, LangChain loader |\n| Weaviate     | LlamaIndex        | Weaviate vector store           |\n| MongoDB      | LlamaIndex        | MongoDB Atlas vector search     |\n| OpenSearch   | Haystack          | OpenSearch document store       |\n| Azure Search | Haystack          | Azure Cognitive Search          |\n\n**General Integration Flow:**\n\n1. Process document with `DocumentConverter`\n2. Extract text via `export_to_markdown()` or iterate over elements\n3. Apply `HybridChunker` for semantic chunking\n4. Generate embeddings (typically with sentence-transformers or OpenAI)\n5. Store in vector database with metadata\n\n```\n```\n\n**Diagram: Vector Database Integration Flow**\n\nSources: [mkdocs.yml122-125](https://github.com/docling-project/docling/blob/f7244a43/mkdocs.yml#L122-L125) [pyproject.toml145](https://github.com/docling-project/docling/blob/f7244a43/pyproject.toml#L145-L145)\n\n---",
    "metadata": {
      "source": "_docling-project_docling_8.3-framework-integrations.md",
      "heading": "Supported Vector Databases",
      "heading_level": 3,
      "chunk_index": 12,
      "collection": "docling",
      "char_count": 1179,
      "estimated_tokens": 294,
      "total_chunks": 23
    }
  },
  {
    "chunk_id": "docling:_docling-project_docling_8.3-framework-integrations.md:chunk:13",
    "content": "## Data Processing Framework Integrations\n\n\nBeyond real-time RAG, Docling integrates with data processing frameworks for batch document processing, training data preparation, and enterprise workflows.",
    "metadata": {
      "source": "_docling-project_docling_8.3-framework-integrations.md",
      "heading": "Data Processing Framework Integrations",
      "heading_level": 2,
      "chunk_index": 13,
      "collection": "docling",
      "char_count": 200,
      "estimated_tokens": 50,
      "total_chunks": 23
    }
  },
  {
    "chunk_id": "docling:_docling-project_docling_8.3-framework-integrations.md:chunk:14",
    "content": "### Data Prep Kit (DPK)\n\n\nData Prep Kit is a framework for large-scale data preparation pipelines. Docling integration enables:\n\n- **Batch Processing**: Convert thousands of documents in parallel\n- **Transform Pipelines**: Clean, chunk, and tokenize documents\n- **Training Data Generation**: Prepare datasets for model fine-tuning\n\n**Example Pipeline:**\n\n```\nIngest → Docling Convert → DPK Transform → Chunk → Tokenize → Store\n```\n\nSources: [mkdocs.yml140](https://github.com/docling-project/docling/blob/f7244a43/mkdocs.yml#L140-L140) [mkdocs.yml119](https://github.com/docling-project/docling/blob/f7244a43/mkdocs.yml#L119-L119)\n\n---",
    "metadata": {
      "source": "_docling-project_docling_8.3-framework-integrations.md",
      "heading": "Data Prep Kit (DPK)",
      "heading_level": 3,
      "chunk_index": 14,
      "collection": "docling",
      "char_count": 635,
      "estimated_tokens": 158,
      "total_chunks": 23
    }
  },
  {
    "chunk_id": "docling:_docling-project_docling_8.3-framework-integrations.md:chunk:15",
    "content": "### InstructLab Integration\n\n\nInstructLab uses Docling for preparing training data from documents in knowledge base construction workflows.\n\n**Integration Points:**\n\n- Document parsing for instruction-tuning datasets\n- Structured extraction of Q\\&A pairs\n- Metadata preservation for provenance tracking\n\nSources: [mkdocs.yml141](https://github.com/docling-project/docling/blob/f7244a43/mkdocs.yml#L141-L141)\n\n---",
    "metadata": {
      "source": "_docling-project_docling_8.3-framework-integrations.md",
      "heading": "InstructLab Integration",
      "heading_level": 3,
      "chunk_index": 15,
      "collection": "docling",
      "char_count": 412,
      "estimated_tokens": 103,
      "total_chunks": 23
    }
  },
  {
    "chunk_id": "docling:_docling-project_docling_8.3-framework-integrations.md:chunk:16",
    "content": "### Enterprise & Production Integrations\n\n\n| Integration | Category            | Purpose                                    |\n| ----------- | ------------------- | ------------------------------------------ |\n| Apify Actor | Cloud Platform      | Serverless document processing             |\n| Prodigy     | Annotation          | Active learning for document understanding |\n| spaCy       | NLP Pipeline        | Entity extraction from parsed documents    |\n| RHEL AI     | Enterprise Platform | On-premises AI deployments                 |\n| NVIDIA      | GPU Acceleration    | Optimized VLM inference                    |\n| Quarkus     | Java Framework      | JVM-based microservices                    |\n\n```\n```\n\n**Diagram: Enterprise Integration Landscape**\n\nSources: [mkdocs.yml139-155](https://github.com/docling-project/docling/blob/f7244a43/mkdocs.yml#L139-L155) [README.md109-113](https://github.com/docling-project/docling/blob/f7244a43/README.md#L109-L113)\n\n---",
    "metadata": {
      "source": "_docling-project_docling_8.3-framework-integrations.md",
      "heading": "Enterprise & Production Integrations",
      "heading_level": 3,
      "chunk_index": 16,
      "collection": "docling",
      "char_count": 973,
      "estimated_tokens": 243,
      "total_chunks": 23
    }
  },
  {
    "chunk_id": "docling:_docling-project_docling_8.3-framework-integrations.md:chunk:17",
    "content": "### Common Integration Pattern\n\n\nMost integrations follow this general structure:\n\n1. **Initialization**: Create `DocumentConverter` with appropriate options\n2. **Conversion**: Call `convert()` or `convert_all()` for batch processing\n3. **Export**: Use `export_to_markdown()`, `export_to_json()`, or iterate over elements\n4. **Transform**: Apply framework-specific transformations (chunking, embedding, etc.)\n5. **Downstream Processing**: Pass to framework-specific components",
    "metadata": {
      "source": "_docling-project_docling_8.3-framework-integrations.md",
      "heading": "Common Integration Pattern",
      "heading_level": 3,
      "chunk_index": 17,
      "collection": "docling",
      "char_count": 476,
      "estimated_tokens": 119,
      "total_chunks": 23
    }
  },
  {
    "chunk_id": "docling:_docling-project_docling_8.3-framework-integrations.md:chunk:18",
    "content": "### Export Format Selection\n\n\n| Use Case              | Recommended Format | Rationale                       |\n| --------------------- | ------------------ | ------------------------------- |\n| RAG with LLMs         | Markdown           | Readable, preserves structure   |\n| Structured extraction | JSON               | Programmatic access to elements |\n| Web display           | HTML               | Styled rendering                |\n| Model training        | DocTags            | Fine-grained structure labels   |\n| Search indexing       | Markdown or JSON   | Depends on search engine        |\n\nSources: [README.md69-78](https://github.com/docling-project/docling/blob/f7244a43/README.md#L69-L78) [docs/usage/index.md1-46](https://github.com/docling-project/docling/blob/f7244a43/docs/usage/index.md#L1-L46)\n\n---",
    "metadata": {
      "source": "_docling-project_docling_8.3-framework-integrations.md",
      "heading": "Export Format Selection",
      "heading_level": 3,
      "chunk_index": 18,
      "collection": "docling",
      "char_count": 815,
      "estimated_tokens": 203,
      "total_chunks": 23
    }
  },
  {
    "chunk_id": "docling:_docling-project_docling_8.3-framework-integrations.md:chunk:19",
    "content": "## Environment Variables and Configuration\n\n\nSeveral environment variables control integration behavior:\n\n| Variable              | Purpose                                | Default        |\n| --------------------- | -------------------------------------- | -------------- |\n| `DOCLING_DEVICE`      | Accelerator device (CPU/CUDA/MPS/AUTO) | AUTO           |\n| `OMP_NUM_THREADS`     | Thread count for CPU models            | System default |\n| `DOCLING_NUM_THREADS` | Alternative thread control             | System default |\n\nThese settings affect model inference performance in integration scenarios, particularly for VLM-based pipelines and OCR operations.\n\nSources: [pyproject.toml1-280](https://github.com/docling-project/docling/blob/f7244a43/pyproject.toml#L1-L280)\n\n---",
    "metadata": {
      "source": "_docling-project_docling_8.3-framework-integrations.md",
      "heading": "Environment Variables and Configuration",
      "heading_level": 2,
      "chunk_index": 19,
      "collection": "docling",
      "char_count": 777,
      "estimated_tokens": 194,
      "total_chunks": 23
    }
  },
  {
    "chunk_id": "docling:_docling-project_docling_8.3-framework-integrations.md:chunk:20",
    "content": "## Installation for Integrations\n\n\nTo use Docling with specific integrations, install with appropriate extras:\n\n| Extra         | Frameworks Enabled                      | Install Command                  |\n| ------------- | --------------------------------------- | -------------------------------- |\n| `[vlm]`       | Vision models (Transformers, MLX, vLLM) | `pip install docling[vlm]`       |\n| `[easyocr]`   | EasyOCR engine                          | `pip install docling[easyocr]`   |\n| `[tesserocr]` | Tesseract OCR                           | `pip install docling[tesserocr]` |\n| `[asr]`       | Audio transcription (Whisper)           | `pip install docling[asr]`       |\n\n**Example Dependencies in `pyproject.toml`:**\n\n- VLM support: `transformers>=4.46.0`, `accelerate>=1.2.1`, `mlx-vlm>=0.3.0`, `vllm>=0.10.0`\n- Chunking: `docling-core[chunking]>=2.48.2`\n\nSources: [pyproject.toml91-111](https://github.com/docling-project/docling/blob/f7244a43/pyproject.toml#L91-L111) [README.md56-65](https://github.com/docling-project/docling/blob/f7244a43/README.md#L56-L65)\n\n---",
    "metadata": {
      "source": "_docling-project_docling_8.3-framework-integrations.md",
      "heading": "Installation for Integrations",
      "heading_level": 2,
      "chunk_index": 20,
      "collection": "docling",
      "char_count": 1080,
      "estimated_tokens": 270,
      "total_chunks": 23
    }
  },
  {
    "chunk_id": "docling:_docling-project_docling_8.3-framework-integrations.md:chunk:21",
    "content": "## Summary\n\n\nDocling's integration ecosystem is built on:\n\n1. **DoclingDocument**: Universal document representation\n2. **Flexible Export**: Multiple formats for different use cases\n3. **MCP Protocol**: Standard interface for agentic AI\n4. **Framework Adapters**: Native support for LangChain, LlamaIndex, Haystack\n5. **Chunking API**: Semantic document segmentation via `docling-core`\n6. **Batch Processing**: Efficient handling of document collections\n\nThe integration architecture prioritizes **modularity** (components can be mixed and matched), **extensibility** (new integrations follow established patterns), and **interoperability** (standard formats and protocols).\n\nFor specific integration examples, see the [Examples](docling-project/docling/7.3-usage-examples.md) section. For details on export format options, see [Export Formats](docling-project/docling/8.1-export-formats.md). For chunking strategies, see [Document Chunking](docling-project/docling/8.2-document-chunking.md).\n\nSources: [README.md1-161](https://github.com/docling-project/docling/blob/f7244a43/README.md#L1-L161) [docs/index.md1-70](https://github.com/docling-project/docling/blob/f7244a43/docs/index.md#L1-L70) [mkdocs.yml128-162](https://github.com/docling-project/docling/blob/f7244a43/mkdocs.yml#L128-L162) [pyproject.toml1-280](https://github.com/docling-project/docling/blob/f7244a43/pyproject.toml#L1-L280)\n\nDismiss\n\nRefresh this wiki\n\nThis wiki was recently refreshed. Please wait 4 days to refresh again.",
    "metadata": {
      "source": "_docling-project_docling_8.3-framework-integrations.md",
      "heading": "Summary",
      "heading_level": 2,
      "chunk_index": 21,
      "collection": "docling",
      "char_count": 1496,
      "estimated_tokens": 374,
      "total_chunks": 23
    }
  },
  {
    "chunk_id": "docling:_docling-project_docling_8.3-framework-integrations.md:chunk:22",
    "content": "### On this page\n\n\n- [Framework Integrations](#framework-integrations.md)\n- [Purpose and Scope](#purpose-and-scope.md)\n- [Integration Architecture Overview](#integration-architecture-overview.md)\n- [DoclingDocument as Integration Foundation](#doclingdocument-as-integration-foundation.md)\n- [Key Export Methods](#key-export-methods.md)\n- [Model Context Protocol (MCP) Integration](#model-context-protocol-mcp-integration.md)\n- [MCP Server Architecture](#mcp-server-architecture.md)\n- [Configuration Example](#configuration-example.md)\n- [AI Framework Integrations](#ai-framework-integrations.md)\n- [LangChain Integration](#langchain-integration.md)\n- [LlamaIndex Integration](#llamaindex-integration.md)\n- [Haystack Integration](#haystack-integration.md)\n- [Agentic AI Frameworks](#agentic-ai-frameworks.md)\n- [Vector Database Integrations](#vector-database-integrations.md)\n- [Supported Vector Databases](#supported-vector-databases.md)\n- [Data Processing Framework Integrations](#data-processing-framework-integrations.md)\n- [Data Prep Kit (DPK)](#data-prep-kit-dpk.md)\n- [InstructLab Integration](#instructlab-integration.md)\n- [Enterprise & Production Integrations](#enterprise-production-integrations.md)\n- [Integration Development Patterns](#integration-development-patterns.md)\n- [Common Integration Pattern](#common-integration-pattern.md)\n- [Code Structure Example](#code-structure-example.md)\n- [Export Format Selection](#export-format-selection.md)\n- [Environment Variables and Configuration](#environment-variables-and-configuration.md)\n- [Installation for Integrations](#installation-for-integrations.md)\n- [Summary](#summary.md)",
    "metadata": {
      "source": "_docling-project_docling_8.3-framework-integrations.md",
      "heading": "On this page",
      "heading_level": 3,
      "chunk_index": 22,
      "collection": "docling",
      "char_count": 1642,
      "estimated_tokens": 410,
      "total_chunks": 23
    }
  }
]