[
  {
    "chunk_id": "docling:_docling-project_docling_4.3.2-api-based-vlm-models.md:chunk:0",
    "content": "# API-Based VLM Models\n\n\nRelevant source files",
    "metadata": {
      "source": "_docling-project_docling_4.3.2-api-based-vlm-models.md",
      "heading": "API-Based VLM Models",
      "heading_level": 1,
      "chunk_index": 0,
      "collection": "docling",
      "char_count": 46,
      "estimated_tokens": 11,
      "total_chunks": 26
    }
  },
  {
    "chunk_id": "docling:_docling-project_docling_4.3.2-api-based-vlm-models.md:chunk:1",
    "content": "- [docling/datamodel/extraction.py](https://github.com/docling-project/docling/blob/f7244a43/docling/datamodel/extraction.py)\n- [docling/datamodel/pipeline\\_options\\_vlm\\_model.py](https://github.com/docling-project/docling/blob/f7244a43/docling/datamodel/pipeline_options_vlm_model.py)\n- [docling/datamodel/vlm\\_model\\_specs.py](https://github.com/docling-project/docling/blob/f7244a43/docling/datamodel/vlm_model_specs.py)\n- [docling/document\\_extractor.py](https://github.com/docling-project/docling/blob/f7244a43/docling/document_extractor.py)\n- [docling/models/api\\_vlm\\_model.py](https://github.com/docling-project/docling/blob/f7244a43/docling/models/api_vlm_model.py)\n- [docling/models/base\\_model.py](https://github.com/docling-project/docling/blob/f7244a43/docling/models/base_model.py)\n- [docling/models/utils/hf\\_model\\_download.py](https://github.com/docling-project/docling/blob/f7244a43/docling/models/utils/hf_model_download.py)\n- [docling/models/vlm\\_models\\_inline/hf\\_transformers\\_model.py](https://github.com/docling-project/docling/blob/f7244a43/docling/models/vlm_models_inline/hf_transformers_model.py)\n- [docling/models/vlm\\_models\\_inline/mlx\\_model.py](https://github.com/docling-project/docling/blob/f7244a43/docling/models/vlm_models_inline/mlx_model.py)\n- [docling/models/vlm\\_models\\_inline/nuextract\\_transformers\\_model.py](https://github.com/docling-project/docling/blob/f7244a43/docling/models/vlm_models_inline/nuextract_transformers_model.py)\n- [docling/models/vlm\\_models\\_inline/vllm\\_model.py](https://github.com/docling-project/docling/blob/f7244a43/docling/models/vlm_models_inline/vllm_model.py)\n- [docling/pipeline/asr\\_pipeline.py](https://github.com/docling-project/docling/blob/f7244a43/docling/pipeline/asr_pipeline.py)\n- [docling/pipeline/base\\_extraction\\_pipeline.py](https://github.com/docling-project/docling/blob/f7244a43/docling/pipeline/base_extraction_pipeline.py)\n- [docling/pipeline/base\\_pipeline.py](https://github.com/docling-project/docling/blob/f7244a43/docling/pipeline/base_pipeline.py)\n- [docling/pipeline/extraction\\_vlm\\_pipeline.py](https://github.com/docling-project/docling/blob/f7244a43/docling/pipeline/extraction_vlm_pipeline.py)\n- [docling/pipeline/simple\\_pipeline.py](https://github.com/docling-project/docling/blob/f7244a43/docling/pipeline/simple_pipeline.py)\n- [docling/pipeline/threaded\\_standard\\_pdf\\_pipeline.py](https://github.com/docling-project/docling/blob/f7244a43/docling/pipeline/threaded_standard_pdf_pipeline.py)\n- [docling/pipeline/vlm\\_pipeline.py](https://github.com/docling-project/docling/blob/f7244a43/docling/pipeline/vlm_pipeline.py)",
    "metadata": {
      "source": "_docling-project_docling_4.3.2-api-based-vlm-models.md",
      "heading": "API-Based VLM Models",
      "heading_level": 1,
      "chunk_index": 1,
      "collection": "docling",
      "char_count": 2635,
      "estimated_tokens": 658,
      "total_chunks": 26
    }
  },
  {
    "chunk_id": "docling:_docling-project_docling_4.3.2-api-based-vlm-models.md:chunk:2",
    "content": "## Purpose and Scope\n\n\nThis page documents the API-based Vision Language Model (VLM) integration in Docling, which enables document processing using external VLM services via OpenAI-compatible HTTP APIs. API-based models connect to remote inference servers (e.g., Ollama, vLLM server, OpenAI) rather than loading models locally.\n\nFor locally-executed VLM models using Transformers, MLX, or vLLM frameworks, see [Inline VLM Models](docling-project/docling/4.3.1-inline-vlm-models.md). For the broader VLM system architecture and pipeline integration, see [Vision Language Models](docling-project/docling/4.3-vision-language-models.md).\n\nAPI-based models are configured through `ApiVlmOptions` and executed by the `ApiVlmModel` class, which provides threaded request handling, streaming support, and early-abort capabilities through custom stopping criteria.\n\n**Sources:** [docling/models/api\\_vlm\\_model.py1-102](https://github.com/docling-project/docling/blob/f7244a43/docling/models/api_vlm_model.py#L1-L102) [docling/datamodel/pipeline\\_options\\_vlm\\_model.py96-112](https://github.com/docling-project/docling/blob/f7244a43/docling/datamodel/pipeline_options_vlm_model.py#L96-L112)\n\n---",
    "metadata": {
      "source": "_docling-project_docling_4.3.2-api-based-vlm-models.md",
      "heading": "Purpose and Scope",
      "heading_level": 2,
      "chunk_index": 2,
      "collection": "docling",
      "char_count": 1188,
      "estimated_tokens": 297,
      "total_chunks": 26
    }
  },
  {
    "chunk_id": "docling:_docling-project_docling_4.3.2-api-based-vlm-models.md:chunk:3",
    "content": "## System Architecture\n\n\n```\n```\n\n**Diagram: API-Based VLM Model Architecture**\n\nThe architecture separates configuration (`ApiVlmOptions`), execution (`ApiVlmModel`), and HTTP communication (`api_image_request` functions). The `ThreadPoolExecutor` enables concurrent processing of page batches, while the streaming path supports early termination via `GenerationStopper` instances.\n\n**Sources:** [docling/models/api\\_vlm\\_model.py19-101](https://github.com/docling-project/docling/blob/f7244a43/docling/models/api_vlm_model.py#L19-L101) [docling/pipeline/vlm\\_pipeline.py66-73](https://github.com/docling-project/docling/blob/f7244a43/docling/pipeline/vlm_pipeline.py#L66-L73)\n\n---",
    "metadata": {
      "source": "_docling-project_docling_4.3.2-api-based-vlm-models.md",
      "heading": "System Architecture",
      "heading_level": 2,
      "chunk_index": 3,
      "collection": "docling",
      "char_count": 682,
      "estimated_tokens": 170,
      "total_chunks": 26
    }
  },
  {
    "chunk_id": "docling:_docling-project_docling_4.3.2-api-based-vlm-models.md:chunk:4",
    "content": "## Configuration: ApiVlmOptions\n\n\nThe `ApiVlmOptions` class defines all parameters for connecting to and configuring an external VLM API:",
    "metadata": {
      "source": "_docling-project_docling_4.3.2-api-based-vlm-models.md",
      "heading": "Configuration: ApiVlmOptions",
      "heading_level": 2,
      "chunk_index": 4,
      "collection": "docling",
      "char_count": 137,
      "estimated_tokens": 34,
      "total_chunks": 26
    }
  },
  {
    "chunk_id": "docling:_docling-project_docling_4.3.2-api-based-vlm-models.md:chunk:5",
    "content": "| Field                      | Type                           | Default                                      | Description                                      |\n| -------------------------- | ------------------------------ | -------------------------------------------- | ------------------------------------------------ |\n| `kind`                     | `Literal[\"api_model_options\"]` | `\"api_model_options\"`                        | Discriminator for option type                    |\n| `url`                      | `AnyUrl`                       | `http://localhost:11434/v1/chat/completions` | API endpoint URL (OpenAI-compatible)             |\n| `headers`                  | `Dict[str, str]`               | `{}`                                         | HTTP headers (e.g., authorization)               |\n| `params`                   | `Dict[str, Any]`               | `{}`                                         | Model-specific parameters (e.g., `model` name)   |\n| `timeout`                  | `float`                        | `60`                                         | Request timeout in seconds                       |\n| `concurrency`              | `int`                          | `1`                                          | Number of concurrent page requests               |\n| `response_format`          | `ResponseFormat`               | —                                            | Expected response format (DOCTAGS/Markdown/HTML) |\n| `prompt`                   | `str`                          | —                                            | User prompt template                             |\n| `scale`                    | `float`                        | `2.0`                                        | Image scaling factor                             |\n| `max_size`                 | `Optional[int]`                | `None`                                       | Maximum image dimension                          |\n| `temperature`              | `float`                        | `0.0`                                        | Generation temperature                           |\n| `stop_strings`             | `List[str]`                    | `[]`                                         | Stop string tokens                               |\n| `custom_stopping_criteria` | `List[GenerationStopper]`      | `[]`                                         | Early-abort logic instances                      |",
    "metadata": {
      "source": "_docling-project_docling_4.3.2-api-based-vlm-models.md",
      "heading": "Configuration: ApiVlmOptions",
      "heading_level": 2,
      "chunk_index": 5,
      "collection": "docling",
      "char_count": 2429,
      "estimated_tokens": 607,
      "total_chunks": 26
    }
  },
  {
    "chunk_id": "docling:_docling-project_docling_4.3.2-api-based-vlm-models.md:chunk:6",
    "content": "kens                               |\n| `custom_stopping_criteria` | `List[GenerationStopper]`      | `[]`                                         | Early-abort logic instances                      |\n\n**Key Configuration Patterns:**\n\n```\n```\n\nThe `url` must point to an OpenAI-compatible `/v1/chat/completions` endpoint. The `params` dict is merged with runtime temperature settings and passed as the request body. The `concurrency` parameter controls the `ThreadPoolExecutor` worker count.\n\n**Sources:** [docling/datamodel/pipeline\\_options\\_vlm\\_model.py96-112](https://github.com/docling-project/docling/blob/f7244a43/docling/datamodel/pipeline_options_vlm_model.py#L96-L112) [docling/datamodel/vlm\\_model\\_specs.py171-179](https://github.com/docling-project/docling/blob/f7244a43/docling/datamodel/vlm_model_specs.py#L171-L179)\n\n---",
    "metadata": {
      "source": "_docling-project_docling_4.3.2-api-based-vlm-models.md",
      "heading": "Configuration: ApiVlmOptions",
      "heading_level": 2,
      "chunk_index": 6,
      "collection": "docling",
      "char_count": 835,
      "estimated_tokens": 208,
      "total_chunks": 26
    }
  },
  {
    "chunk_id": "docling:_docling-project_docling_4.3.2-api-based-vlm-models.md:chunk:7",
    "content": "## Request Flow Sequence\n\n\n```\n```\n\n**Diagram: API VLM Request Flow**\n\nThe `ApiVlmModel.__call__` method uses `ThreadPoolExecutor.map` to process pages concurrently. Each worker thread executes `_vlm_request`, which retrieves the page image, formats the prompt, and makes an HTTP request. If custom stopping criteria are configured, the streaming path (`api_image_request_streaming`) is used to enable early termination.\n\n**Sources:** [docling/models/api\\_vlm\\_model.py43-101](https://github.com/docling-project/docling/blob/f7244a43/docling/models/api_vlm_model.py#L43-L101)\n\n---",
    "metadata": {
      "source": "_docling-project_docling_4.3.2-api-based-vlm-models.md",
      "heading": "Request Flow Sequence",
      "heading_level": 2,
      "chunk_index": 7,
      "collection": "docling",
      "char_count": 580,
      "estimated_tokens": 145,
      "total_chunks": 26
    }
  },
  {
    "chunk_id": "docling:_docling-project_docling_4.3.2-api-based-vlm-models.md:chunk:8",
    "content": "### Class Structure\n\n\nThe `ApiVlmModel` class implements `BasePageModel` and orchestrates API-based inference:\n\n```\n```\n\n**Initialization Validation:**\n\nThe constructor enforces the `enable_remote_services` flag to prevent accidental external connections:\n\n```\n```\n\nThis safety check requires explicit opt-in at the pipeline level before API requests are allowed.\n\n**Sources:** [docling/models/api\\_vlm\\_model.py20-41](https://github.com/docling-project/docling/blob/f7244a43/docling/models/api_vlm_model.py#L20-L41)",
    "metadata": {
      "source": "_docling-project_docling_4.3.2-api-based-vlm-models.md",
      "heading": "Class Structure",
      "heading_level": 3,
      "chunk_index": 8,
      "collection": "docling",
      "char_count": 516,
      "estimated_tokens": 129,
      "total_chunks": 26
    }
  },
  {
    "chunk_id": "docling:_docling-project_docling_4.3.2-api-based-vlm-models.md:chunk:9",
    "content": "### Request Execution Pattern\n\n\nThe `_vlm_request` helper function processes a single page:\n\n1. **Validation:** Check `page._backend.is_valid()`\n2. **Image Extraction:** Call `page.get_image(scale, max_size)` and convert to RGB\n3. **Prompt Construction:** Use `vlm_options.build_prompt(page.parsed_page)`\n4. **Stopping Criteria Processing:** Instantiate any `GenerationStopper` classes\n5. **API Call:** Route to streaming or non-streaming based on `custom_stopping_criteria`\n6. **Response Decoding:** Apply `vlm_options.decode_response()`\n7. **Result Attachment:** Set `page.predictions.vlm_response`\n\n**Concurrency Control:**\n\n```\n```\n\nThe executor processes up to `concurrency` pages in parallel, with each thread making independent HTTP requests. This is essential for throughput when processing large documents.\n\n**Sources:** [docling/models/api\\_vlm\\_model.py43-101](https://github.com/docling-project/docling/blob/f7244a43/docling/models/api_vlm_model.py#L43-L101)\n\n---",
    "metadata": {
      "source": "_docling-project_docling_4.3.2-api-based-vlm-models.md",
      "heading": "Request Execution Pattern",
      "heading_level": 3,
      "chunk_index": 9,
      "collection": "docling",
      "char_count": 975,
      "estimated_tokens": 243,
      "total_chunks": 26
    }
  },
  {
    "chunk_id": "docling:_docling-project_docling_4.3.2-api-based-vlm-models.md:chunk:10",
    "content": "### Streaming Request Flow\n\n\nWhen `custom_stopping_criteria` is non-empty, the model uses the streaming API path:\n\n```\n```",
    "metadata": {
      "source": "_docling-project_docling_4.3.2-api-based-vlm-models.md",
      "heading": "Streaming Request Flow",
      "heading_level": 3,
      "chunk_index": 10,
      "collection": "docling",
      "char_count": 122,
      "estimated_tokens": 30,
      "total_chunks": 26
    }
  },
  {
    "chunk_id": "docling:_docling-project_docling_4.3.2-api-based-vlm-models.md:chunk:11",
    "content": "### GenerationStopper Interface\n\n\nThe `GenerationStopper` protocol enables custom early-abort logic:\n\n```\n```\n\nStreaming requests check `should_stop()` after each token chunk arrives. This allows stopping generation when:\n\n- A specific pattern is detected (e.g., closing XML tag)\n- A confidence threshold is crossed\n- A maximum content length is reached\n\n**Sources:** [docling/models/api\\_vlm\\_model.py63-97](https://github.com/docling-project/docling/blob/f7244a43/docling/models/api_vlm_model.py#L63-L97)\n\n---",
    "metadata": {
      "source": "_docling-project_docling_4.3.2-api-based-vlm-models.md",
      "heading": "GenerationStopper Interface",
      "heading_level": 3,
      "chunk_index": 11,
      "collection": "docling",
      "char_count": 511,
      "estimated_tokens": 127,
      "total_chunks": 26
    }
  },
  {
    "chunk_id": "docling:_docling-project_docling_4.3.2-api-based-vlm-models.md:chunk:12",
    "content": "### VlmPipeline Instantiation\n\n\nThe `VlmPipeline` detects `ApiVlmOptions` and instantiates `ApiVlmModel`:\n\n```\n```\n\nThis is the sole model in the `build_pipe` list, as API-based inference is end-to-end (no separate OCR, layout, or table models).\n\n**Sources:** [docling/pipeline/vlm\\_pipeline.py66-73](https://github.com/docling-project/docling/blob/f7244a43/docling/pipeline/vlm_pipeline.py#L66-L73)",
    "metadata": {
      "source": "_docling-project_docling_4.3.2-api-based-vlm-models.md",
      "heading": "VlmPipeline Instantiation",
      "heading_level": 3,
      "chunk_index": 12,
      "collection": "docling",
      "char_count": 399,
      "estimated_tokens": 99,
      "total_chunks": 26
    }
  },
  {
    "chunk_id": "docling:_docling-project_docling_4.3.2-api-based-vlm-models.md:chunk:13",
    "content": "### Page Processing\n\n\nThe pipeline's `initialize_page` method loads page backends, then `_apply_on_pages` iterates the `build_pipe`:\n\n```\n```\n\nFor `ApiVlmModel`, the `__call__` method internally uses the thread pool, so the outer iteration is straightforward. The model modifies `page.predictions.vlm_response` in-place and yields the updated pages.\n\n**Sources:** [docling/pipeline/base\\_pipeline.py189-195](https://github.com/docling-project/docling/blob/f7244a43/docling/pipeline/base_pipeline.py#L189-L195)\n\n---",
    "metadata": {
      "source": "_docling-project_docling_4.3.2-api-based-vlm-models.md",
      "heading": "Page Processing",
      "heading_level": 3,
      "chunk_index": 13,
      "collection": "docling",
      "char_count": 514,
      "estimated_tokens": 128,
      "total_chunks": 26
    }
  },
  {
    "chunk_id": "docling:_docling-project_docling_4.3.2-api-based-vlm-models.md:chunk:14",
    "content": "## Predefined API Configurations\n\n\nThe `docling/datamodel/vlm_model_specs.py` module provides ready-to-use configurations:",
    "metadata": {
      "source": "_docling-project_docling_4.3.2-api-based-vlm-models.md",
      "heading": "Predefined API Configurations",
      "heading_level": 2,
      "chunk_index": 14,
      "collection": "docling",
      "char_count": 122,
      "estimated_tokens": 30,
      "total_chunks": 26
    }
  },
  {
    "chunk_id": "docling:_docling-project_docling_4.3.2-api-based-vlm-models.md:chunk:15",
    "content": "### GRANITE\\_VISION\\_OLLAMA\n\n\n```\n```\n\nThis configuration targets a local Ollama server running the Granite Vision model. The `scale=1.0` uses original image resolution, and `timeout=120` allows longer processing for complex pages.\n\n**Usage Pattern:**\n\n```\n```\n\n**Sources:** [docling/datamodel/vlm\\_model\\_specs.py171-179](https://github.com/docling-project/docling/blob/f7244a43/docling/datamodel/vlm_model_specs.py#L171-L179)\n\n---",
    "metadata": {
      "source": "_docling-project_docling_4.3.2-api-based-vlm-models.md",
      "heading": "GRANITE\\_VISION\\_OLLAMA",
      "heading_level": 3,
      "chunk_index": 15,
      "collection": "docling",
      "char_count": 432,
      "estimated_tokens": 108,
      "total_chunks": 26
    }
  },
  {
    "chunk_id": "docling:_docling-project_docling_4.3.2-api-based-vlm-models.md:chunk:16",
    "content": "### OpenAI Chat Completions Schema\n\n\nThe API client sends requests to the `/v1/chat/completions` endpoint using the OpenAI-compatible schema:\n\n```\n```\n\nThe image is base64-encoded and included as a data URL. Additional parameters from `ApiVlmOptions.params` are merged into the request body.",
    "metadata": {
      "source": "_docling-project_docling_4.3.2-api-based-vlm-models.md",
      "heading": "OpenAI Chat Completions Schema",
      "heading_level": 3,
      "chunk_index": 16,
      "collection": "docling",
      "char_count": 291,
      "estimated_tokens": 72,
      "total_chunks": 26
    }
  },
  {
    "chunk_id": "docling:_docling-project_docling_4.3.2-api-based-vlm-models.md:chunk:17",
    "content": "### Response Parsing\n\n\n**Non-Streaming Response:**\n\n```\n```\n\nThe `api_image_request` function extracts `choices[0].message.content`.\n\n**Streaming Response:**\n\nServer-Sent Events (SSE) format:\n\n```\ndata: {\"choices\": [{\"delta\": {\"content\": \"# \"}}]}\n\ndata: {\"choices\": [{\"delta\": {\"content\": \"Document\"}}]}\n\ndata: [DONE]\n```\n\nThe `api_image_request_streaming` function accumulates chunks until a stopper triggers or the stream completes.\n\n**Sources:** [docling/models/api\\_vlm\\_model.py76-97](https://github.com/docling-project/docling/blob/f7244a43/docling/models/api_vlm_model.py#L76-L97)\n\n---",
    "metadata": {
      "source": "_docling-project_docling_4.3.2-api-based-vlm-models.md",
      "heading": "Response Parsing",
      "heading_level": 3,
      "chunk_index": 17,
      "collection": "docling",
      "char_count": 592,
      "estimated_tokens": 148,
      "total_chunks": 26
    }
  },
  {
    "chunk_id": "docling:_docling-project_docling_4.3.2-api-based-vlm-models.md:chunk:18",
    "content": "### Request-Level Timeouts\n\n\nEach API request respects the `timeout` parameter:\n\n```\n```\n\nIf the server doesn't respond within `timeout` seconds, the request raises a timeout exception, which is caught by the pipeline's error handling.",
    "metadata": {
      "source": "_docling-project_docling_4.3.2-api-based-vlm-models.md",
      "heading": "Request-Level Timeouts",
      "heading_level": 3,
      "chunk_index": 18,
      "collection": "docling",
      "char_count": 235,
      "estimated_tokens": 58,
      "total_chunks": 26
    }
  },
  {
    "chunk_id": "docling:_docling-project_docling_4.3.2-api-based-vlm-models.md:chunk:19",
    "content": "### Backend Validation\n\n\nBefore making API requests, the model validates the page backend:\n\n```\n```\n\nInvalid pages (e.g., corrupted PDFs) are returned unchanged, preventing unnecessary API calls.",
    "metadata": {
      "source": "_docling-project_docling_4.3.2-api-based-vlm-models.md",
      "heading": "Backend Validation",
      "heading_level": 3,
      "chunk_index": 19,
      "collection": "docling",
      "char_count": 195,
      "estimated_tokens": 48,
      "total_chunks": 26
    }
  },
  {
    "chunk_id": "docling:_docling-project_docling_4.3.2-api-based-vlm-models.md:chunk:20",
    "content": "### Remote Services Flag\n\n\nThe `enable_remote_services` flag provides a safety gate:\n\n```\n```\n\nThis prevents accidental API calls in environments where external connections are forbidden or should be audited.\n\n**Sources:** [docling/models/api\\_vlm\\_model.py28-49](https://github.com/docling-project/docling/blob/f7244a43/docling/models/api_vlm_model.py#L28-L49)\n\n---",
    "metadata": {
      "source": "_docling-project_docling_4.3.2-api-based-vlm-models.md",
      "heading": "Remote Services Flag",
      "heading_level": 3,
      "chunk_index": 20,
      "collection": "docling",
      "char_count": 366,
      "estimated_tokens": 91,
      "total_chunks": 26
    }
  },
  {
    "chunk_id": "docling:_docling-project_docling_4.3.2-api-based-vlm-models.md:chunk:21",
    "content": "## Comparison with Inline VLM Models\n\n\n| Aspect                | API-Based Models                        | Inline Models                                                            |\n| --------------------- | --------------------------------------- | ------------------------------------------------------------------------ |\n| **Execution**         | Remote HTTP API                         | Local model loading (Transformers/MLX/vLLM)                              |\n| **Configuration**     | `ApiVlmOptions`                         | `InlineVlmOptions`                                                       |\n| **Model Class**       | `ApiVlmModel`                           | `HuggingFaceTransformersVlmModel`, `HuggingFaceMlxModel`, `VllmVlmModel` |\n| **Dependencies**      | HTTP client only                        | `transformers`, `torch`, `mlx`, `vllm`                                   |\n| **Concurrency**       | `ThreadPoolExecutor` (I/O bound)        | Model batching (compute bound)                                           |\n| **Device**            | N/A (server-side)                       | CPU/CUDA/MPS                                                             |\n| **Artifacts**         | None (server manages)                   | Downloaded to `artifacts_path`                                           |\n| **Stopping Criteria** | `GenerationStopper` (streaming only)    | `StoppingCriteria` + `GenerationStopper`                                 |\n| **Use Case**          | Distributed inference, limited hardware | Local control, offline operation                                         |\n\n**Sources:** [docling/models/api\\_vlm\\_model.py19-101](https://github.com/docling-project/docling/blob/f7244a43/docling/models/api_vlm_model.py#L19-L101) [docling/models/vlm\\_models\\_inline/hf\\_transformers\\_model.py36-376](https://github.com/docling-project/docling/blob/f7244a43/docling/models/vlm_models_inline/hf_transformers_model.py#L36-L376)\n\n---",
    "metadata": {
      "source": "_docling-project_docling_4.3.2-api-based-vlm-models.md",
      "heading": "Comparison with Inline VLM Models",
      "heading_level": 2,
      "chunk_index": 21,
      "collection": "docling",
      "char_count": 1966,
      "estimated_tokens": 491,
      "total_chunks": 26
    }
  },
  {
    "chunk_id": "docling:_docling-project_docling_4.3.2-api-based-vlm-models.md:chunk:22",
    "content": "### Configuration with Stopper\n\n\n```\n```\n\nWhen configured, the streaming API path is automatically selected, and generation terminates as soon as `</doctag>` appears in the output, saving tokens and reducing latency.\n\n**Sources:** [docling/models/api\\_vlm\\_model.py63-74](https://github.com/docling-project/docling/blob/f7244a43/docling/models/api_vlm_model.py#L63-L74) [docling/datamodel/pipeline\\_options\\_vlm\\_model.py110-112](https://github.com/docling-project/docling/blob/f7244a43/docling/datamodel/pipeline_options_vlm_model.py#L110-L112)\n\n---",
    "metadata": {
      "source": "_docling-project_docling_4.3.2-api-based-vlm-models.md",
      "heading": "Configuration with Stopper",
      "heading_level": 3,
      "chunk_index": 22,
      "collection": "docling",
      "char_count": 550,
      "estimated_tokens": 137,
      "total_chunks": 26
    }
  },
  {
    "chunk_id": "docling:_docling-project_docling_4.3.2-api-based-vlm-models.md:chunk:23",
    "content": "### Concurrency Tuning\n\n\nThe `concurrency` parameter controls parallel requests:\n\n- **Low concurrency (1-2):** Sequential processing, minimal server load\n- **Medium concurrency (4-8):** Balanced throughput for typical documents\n- **High concurrency (16+):** Maximum speed for large batches, requires server capacity\n\nOptimal settings depend on:\n\n1. Server capacity (GPU count, batch size)\n2. Network latency and bandwidth\n3. Document complexity (larger images = longer inference)",
    "metadata": {
      "source": "_docling-project_docling_4.3.2-api-based-vlm-models.md",
      "heading": "Concurrency Tuning",
      "heading_level": 3,
      "chunk_index": 23,
      "collection": "docling",
      "char_count": 479,
      "estimated_tokens": 119,
      "total_chunks": 26
    }
  },
  {
    "chunk_id": "docling:_docling-project_docling_4.3.2-api-based-vlm-models.md:chunk:24",
    "content": "### Timeout Configuration\n\n\nAppropriate timeout values vary by model and document type:\n\n- **Simple text extraction:** 30-60 seconds\n- **Complex documents (tables, figures):** 120-300 seconds\n- **Large images (high resolution):** 300+ seconds\n\nInsufficient timeouts cause false failures; excessive timeouts delay error detection.\n\n**Sources:** [docling/models/api\\_vlm\\_model.py36-101](https://github.com/docling-project/docling/blob/f7244a43/docling/models/api_vlm_model.py#L36-L101)\n\nDismiss\n\nRefresh this wiki\n\nThis wiki was recently refreshed. Please wait 4 days to refresh again.",
    "metadata": {
      "source": "_docling-project_docling_4.3.2-api-based-vlm-models.md",
      "heading": "Timeout Configuration",
      "heading_level": 3,
      "chunk_index": 24,
      "collection": "docling",
      "char_count": 584,
      "estimated_tokens": 146,
      "total_chunks": 26
    }
  },
  {
    "chunk_id": "docling:_docling-project_docling_4.3.2-api-based-vlm-models.md:chunk:25",
    "content": "### On this page\n\n\n- [API-Based VLM Models](#api-based-vlm-models.md)\n- [Purpose and Scope](#purpose-and-scope.md)\n- [System Architecture](#system-architecture.md)\n- [Configuration: ApiVlmOptions](#configuration-apivlmoptions.md)\n- [Request Flow Sequence](#request-flow-sequence.md)\n- [ApiVlmModel Implementation](#apivlmmodel-implementation.md)\n- [Class Structure](#class-structure.md)\n- [Request Execution Pattern](#request-execution-pattern.md)\n- [Streaming and Early Abort](#streaming-and-early-abort.md)\n- [Streaming Request Flow](#streaming-request-flow.md)\n- [GenerationStopper Interface](#generationstopper-interface.md)\n- [Pipeline Integration](#pipeline-integration.md)\n- [VlmPipeline Instantiation](#vlmpipeline-instantiation.md)\n- [Page Processing](#page-processing.md)\n- [Predefined API Configurations](#predefined-api-configurations.md)\n- [GRANITE\\_VISION\\_OLLAMA](#granite_vision_ollama.md)\n- [API Request Format](#api-request-format.md)\n- [OpenAI Chat Completions Schema](#openai-chat-completions-schema.md)\n- [Response Parsing](#response-parsing.md)\n- [Error Handling and Timeout](#error-handling-and-timeout.md)\n- [Request-Level Timeouts](#request-level-timeouts.md)\n- [Backend Validation](#backend-validation.md)\n- [Remote Services Flag](#remote-services-flag.md)\n- [Comparison with Inline VLM Models](#comparison-with-inline-vlm-models.md)\n- [Example: Custom Stopping Criteria](#example-custom-stopping-criteria.md)\n- [Implementing a GenerationStopper](#implementing-a-generationstopper.md)\n- [Configuration with Stopper](#configuration-with-stopper.md)\n- [Performance Considerations](#performance-considerations.md)\n- [Concurrency Tuning](#concurrency-tuning.md)\n- [Timeout Configuration](#timeout-configuration.md)",
    "metadata": {
      "source": "_docling-project_docling_4.3.2-api-based-vlm-models.md",
      "heading": "On this page",
      "heading_level": 3,
      "chunk_index": 25,
      "collection": "docling",
      "char_count": 1736,
      "estimated_tokens": 434,
      "total_chunks": 26
    }
  }
]