[
  {
    "chunk_id": "docling:_docling-project_docling_8.1-export-formats.md:chunk:0",
    "content": "# Export Formats\n\n\nRelevant source files",
    "metadata": {
      "source": "_docling-project_docling_8.1-export-formats.md",
      "heading": "Export Formats",
      "heading_level": 1,
      "chunk_index": 0,
      "collection": "docling",
      "char_count": 40,
      "estimated_tokens": 10,
      "total_chunks": 22
    }
  },
  {
    "chunk_id": "docling:_docling-project_docling_8.1-export-formats.md:chunk:1",
    "content": "- [docling/backend/html\\_backend.py](https://github.com/docling-project/docling/blob/f7244a43/docling/backend/html_backend.py)\n- [tests/data/groundtruth/docling\\_v2/2203.01017v2.doctags.txt](https://github.com/docling-project/docling/blob/f7244a43/tests/data/groundtruth/docling_v2/2203.01017v2.doctags.txt)\n- [tests/data/groundtruth/docling\\_v2/2203.01017v2.json](https://github.com/docling-project/docling/blob/f7244a43/tests/data/groundtruth/docling_v2/2203.01017v2.json)\n- [tests/data/groundtruth/docling\\_v2/2203.01017v2.md](https://github.com/docling-project/docling/blob/f7244a43/tests/data/groundtruth/docling_v2/2203.01017v2.md)\n- [tests/data/groundtruth/docling\\_v2/2206.01062.doctags.txt](https://github.com/docling-project/docling/blob/f7244a43/tests/data/groundtruth/docling_v2/2206.01062.doctags.txt)\n- [tests/data/groundtruth/docling\\_v2/2206.01062.json](https://github.com/docling-project/docling/blob/f7244a43/tests/data/groundtruth/docling_v2/2206.01062.json)\n- [tests/data/groundtruth/docling\\_v2/2305.03393v1.doctags.txt](https://github.com/docling-project/docling/blob/f7244a43/tests/data/groundtruth/docling_v2/2305.03393v1.doctags.txt)\n- [tests/data/groundtruth/docling\\_v2/2305.03393v1.json](https://github.com/docling-project/docling/blob/f7244a43/tests/data/groundtruth/docling_v2/2305.03393v1.json)\n- [tests/data/groundtruth/docling\\_v2/example\\_06.html.itxt](https://github.com/docling-project/docling/blob/f7244a43/tests/data/groundtruth/docling_v2/example_06.html.itxt)\n- [tests/data/groundtruth/docling\\_v2/example\\_06.html.json](https://github.com/docling-project/docling/blob/f7244a43/tests/data/groundtruth/docling_v2/example_06.html.json)\n- [tests/data/groundtruth/docling\\_v2/example\\_06.html.md](https://github.com/docling-project/docling/blob/f7244a43/tests/data/groundtruth/docling_v2/example_06.html.md)\n- [tests/data/groundtruth/docling\\_v2/example\\_09.html.itxt](https://github.com/docling-project/docling/blob/f7244a43/tests/data/groundtruth/docling_v2/example_09.html.itxt)\n- [tests/data/groundtruth/docling\\_v2/example\\_09.html.json](https://github.com/docling-project/docling/blob/f7244a43/tests/data/groundtruth/docling_v2/example_09.html.json)\n- [tests/data/groundtruth/docling\\_v2/example\\_09.html.md](https://github.com/docling-project/docling/blob/f7244a43/tests/data/groundtruth/docling_v2/example_09.html.md)\n- [tests/data/groundtruth/docling\\_v2/multi\\_page.json](https://github.com/docling-project/docling/blob/f7244a43/tests/data/groundtruth/docling_v2/multi_page.json)\n- [tests/data/groundtruth/docling\\_v2/redp5110\\_sampled.doctags.txt](https://github.com/docling-project/docling/blob/f7244a43/tests/data/groundtruth/docling_v2/redp5110_sampled.doctags.txt)\n- [tests/data/groundtruth/docling\\_v2/redp5110\\_sampled.json](https://github.com/docling-project/docling/blob/f7244a43/tests/data/groundtruth/docling_v2/redp5110_sampled.json)\n- [tests/data/groundtruth/docling\\_v2/redp5110\\_sampled.md](https://github.com/docling-project/docling/blob/f7244a43/tests/data/groundtruth/docling_v2/redp5110_sampled.md)\n- [tests/data/groundtruth/docling\\_v2/wiki\\_duck.html.itxt](https://github.com/docling-project/docling/blob/f7244a43/tests/data/groundtruth/docling_v2/wiki_duck.html.itxt)\n- [tests/data/groundtruth/docling\\_v2/wiki\\_duck.html.json](https://github.com/docling-project/docling/blob/f7244a43/tests/data/groundtruth/docling_v2/wiki_duck.html.json)\n- [tests/data/groundtruth/docling\\_v2/wiki\\_duck.html.md](https://github.com/docling-project/docling/blob/f7244a43/tests/data/groundtruth/docling_v2/wiki_duck.html.md)\n- [tests/test\\_backend\\_html.py](https://github.com/docling-project/docling/blob/f7244a43/tests/test_backend_html.py)",
    "metadata": {
      "source": "_docling-project_docling_8.1-export-formats.md",
      "heading": "Export Formats",
      "heading_level": 1,
      "chunk_index": 1,
      "collection": "docling",
      "char_count": 3693,
      "estimated_tokens": 923,
      "total_chunks": 22
    }
  },
  {
    "chunk_id": "docling:_docling-project_docling_8.1-export-formats.md:chunk:2",
    "content": "oject/docling/blob/f7244a43/tests/data/groundtruth/docling_v2/wiki_duck.html.md)\n- [tests/test\\_backend\\_html.py](https://github.com/docling-project/docling/blob/f7244a43/tests/test_backend_html.py)\n\nThis document covers the various output formats supported by Docling for exporting converted documents. It details the available export formats, their structure, and the APIs used to generate them.\n\nFor information about document chunking strategies that work with these export formats, see [Document Chunking](docling-project/docling/8.2-document-chunking.md). For framework-specific integrations that consume these formats, see [Framework Integrations](docling-project/docling/8.3-framework-integrations.md).",
    "metadata": {
      "source": "_docling-project_docling_8.1-export-formats.md",
      "heading": "Export Formats",
      "heading_level": 1,
      "chunk_index": 2,
      "collection": "docling",
      "char_count": 710,
      "estimated_tokens": 177,
      "total_chunks": 22
    }
  },
  {
    "chunk_id": "docling:_docling-project_docling_8.1-export-formats.md:chunk:3",
    "content": "## Overview\n\n\nDocling provides multiple export formats to support different downstream use cases, from human-readable documents to machine-processable structured data. All export formats are generated from the universal `DoclingDocument` representation that serves as the intermediate format after document conversion.",
    "metadata": {
      "source": "_docling-project_docling_8.1-export-formats.md",
      "heading": "Overview",
      "heading_level": 2,
      "chunk_index": 3,
      "collection": "docling",
      "char_count": 318,
      "estimated_tokens": 79,
      "total_chunks": 22
    }
  },
  {
    "chunk_id": "docling:_docling-project_docling_8.1-export-formats.md:chunk:4",
    "content": "## Export Format Architecture\n\n\nThe export system in Docling follows a layered architecture where the `DoclingDocument` serves as the central hub for all export operations:\n\n```\n```\n\nSources: [docs/examples/minimal.py8](https://github.com/docling-project/docling/blob/f7244a43/docs/examples/minimal.py#L8-L8) [docs/examples/hybrid\\_chunking.ipynb81](https://github.com/docling-project/docling/blob/f7244a43/docs/examples/hybrid_chunking.ipynb#L81-L81) [docs/concepts/chunking.md8-14](https://github.com/docling-project/docling/blob/f7244a43/docs/concepts/chunking.md#L8-L14)",
    "metadata": {
      "source": "_docling-project_docling_8.1-export-formats.md",
      "heading": "Export Format Architecture",
      "heading_level": 2,
      "chunk_index": 4,
      "collection": "docling",
      "char_count": 574,
      "estimated_tokens": 143,
      "total_chunks": 22
    }
  },
  {
    "chunk_id": "docling:_docling-project_docling_8.1-export-formats.md:chunk:5",
    "content": "## DoclingDocument Structure\n\n\nThe `DoclingDocument` serves as the universal document representation from which all export formats are derived. Understanding its structure is key to understanding the export formats:\n\n```\n```\n\nSources: [tests/data/groundtruth/docling\\_v2/2203.01017v2.json1-16](https://github.com/docling-project/docling/blob/f7244a43/tests/data/groundtruth/docling_v2/2203.01017v2.json#L1-L16) [tests/data/groundtruth/docling\\_v2/2206.01062.json1-16](https://github.com/docling-project/docling/blob/f7244a43/tests/data/groundtruth/docling_v2/2206.01062.json#L1-L16)",
    "metadata": {
      "source": "_docling-project_docling_8.1-export-formats.md",
      "heading": "DoclingDocument Structure",
      "heading_level": 2,
      "chunk_index": 5,
      "collection": "docling",
      "char_count": 582,
      "estimated_tokens": 145,
      "total_chunks": 22
    }
  },
  {
    "chunk_id": "docling:_docling-project_docling_8.1-export-formats.md:chunk:6",
    "content": "## JSON Export Format\n\n\nThe JSON format is the native serialization of the `DoclingDocument` object, preserving all structural information and metadata.",
    "metadata": {
      "source": "_docling-project_docling_8.1-export-formats.md",
      "heading": "JSON Export Format",
      "heading_level": 2,
      "chunk_index": 6,
      "collection": "docling",
      "char_count": 152,
      "estimated_tokens": 38,
      "total_chunks": 22
    }
  },
  {
    "chunk_id": "docling:_docling-project_docling_8.1-export-formats.md:chunk:7",
    "content": "### Structure\n\n\nThe JSON export maintains the complete document hierarchy with element references:\n\n| Field         | Description                | Example                                                  |\n| ------------- | -------------------------- | -------------------------------------------------------- |\n| `schema_name` | Document schema identifier | `\"DoclingDocument\"`                                      |\n| `version`     | Schema version             | `\"1.6.0\"`                                                |\n| `name`        | Document identifier        | `\"2203.01017v2\"`                                         |\n| `origin`      | Source file metadata       | `{\"mimetype\": \"application/pdf\", \"filename\": \"doc.pdf\"}` |\n| `body`        | Main content tree          | Contains references to text, table, picture elements     |\n| `texts`       | Text element array         | Individual text blocks with provenance                   |\n| `tables`      | Table element array        | Structured table data                                    |\n| `pictures`    | Picture element array      | Image elements with captions                             |",
    "metadata": {
      "source": "_docling-project_docling_8.1-export-formats.md",
      "heading": "Structure",
      "heading_level": 3,
      "chunk_index": 7,
      "collection": "docling",
      "char_count": 1159,
      "estimated_tokens": 289,
      "total_chunks": 22
    }
  },
  {
    "chunk_id": "docling:_docling-project_docling_8.1-export-formats.md:chunk:8",
    "content": "### Element References\n\n\nThe JSON format uses JSON Pointer references to maintain document structure:\n\n```\n```\n\nSources: [tests/data/groundtruth/docling\\_v2/2203.01017v2.json17-32](https://github.com/docling-project/docling/blob/f7244a43/tests/data/groundtruth/docling_v2/2203.01017v2.json#L17-L32) [tests/data/groundtruth/docling\\_v2/2206.01062.json17-32](https://github.com/docling-project/docling/blob/f7244a43/tests/data/groundtruth/docling_v2/2206.01062.json#L17-L32)",
    "metadata": {
      "source": "_docling-project_docling_8.1-export-formats.md",
      "heading": "Element References",
      "heading_level": 3,
      "chunk_index": 8,
      "collection": "docling",
      "char_count": 472,
      "estimated_tokens": 118,
      "total_chunks": 22
    }
  },
  {
    "chunk_id": "docling:_docling-project_docling_8.1-export-formats.md:chunk:9",
    "content": "## Markdown Export Format\n\n\nThe Markdown export provides a human-readable, text-based representation suitable for documentation and display purposes.",
    "metadata": {
      "source": "_docling-project_docling_8.1-export-formats.md",
      "heading": "Markdown Export Format",
      "heading_level": 2,
      "chunk_index": 9,
      "collection": "docling",
      "char_count": 149,
      "estimated_tokens": 37,
      "total_chunks": 22
    }
  },
  {
    "chunk_id": "docling:_docling-project_docling_8.1-export-formats.md:chunk:10",
    "content": "### Features\n\n\n- Hierarchical heading structure based on document sections\n- Table preservation using Markdown table syntax\n- Image handling with alt text from captions\n- List formatting for grouped content\n- Metadata preservation in frontmatter",
    "metadata": {
      "source": "_docling-project_docling_8.1-export-formats.md",
      "heading": "Features",
      "heading_level": 3,
      "chunk_index": 10,
      "collection": "docling",
      "char_count": 245,
      "estimated_tokens": 61,
      "total_chunks": 22
    }
  },
  {
    "chunk_id": "docling:_docling-project_docling_8.1-export-formats.md:chunk:11",
    "content": "### Usage\n\n\n```\n```\n\nThe Markdown export flattens the hierarchical document structure while preserving logical organization through heading levels and formatting.\n\nSources: [docs/examples/minimal.py8](https://github.com/docling-project/docling/blob/f7244a43/docs/examples/minimal.py#L8-L8) [docs/concepts/chunking.md8](https://github.com/docling-project/docling/blob/f7244a43/docs/concepts/chunking.md#L8-L8)",
    "metadata": {
      "source": "_docling-project_docling_8.1-export-formats.md",
      "heading": "Usage",
      "heading_level": 3,
      "chunk_index": 11,
      "collection": "docling",
      "char_count": 408,
      "estimated_tokens": 102,
      "total_chunks": 22
    }
  },
  {
    "chunk_id": "docling:_docling-project_docling_8.1-export-formats.md:chunk:12",
    "content": "## HTML Export Format\n\n\nThe HTML export generates web-compatible markup while preserving document structure and styling information.",
    "metadata": {
      "source": "_docling-project_docling_8.1-export-formats.md",
      "heading": "HTML Export Format",
      "heading_level": 2,
      "chunk_index": 12,
      "collection": "docling",
      "char_count": 132,
      "estimated_tokens": 33,
      "total_chunks": 22
    }
  },
  {
    "chunk_id": "docling:_docling-project_docling_8.1-export-formats.md:chunk:13",
    "content": "### Structure\n\n\n- Semantic HTML elements for different document components\n- CSS classes for styling preservation\n- Table export with proper HTML table markup\n- Image embedding with captions\n- Accessibility attributes from document metadata\n\nSources: [docs/v2.md19](https://github.com/docling-project/docling/blob/f7244a43/docs/v2.md#L19-L19)",
    "metadata": {
      "source": "_docling-project_docling_8.1-export-formats.md",
      "heading": "Structure",
      "heading_level": 3,
      "chunk_index": 13,
      "collection": "docling",
      "char_count": 342,
      "estimated_tokens": 85,
      "total_chunks": 22
    }
  },
  {
    "chunk_id": "docling:_docling-project_docling_8.1-export-formats.md:chunk:14",
    "content": "## YAML Export Format\n\n\nThe YAML export provides a human-readable structured format alternative to JSON, useful for configuration and data interchange.",
    "metadata": {
      "source": "_docling-project_docling_8.1-export-formats.md",
      "heading": "YAML Export Format",
      "heading_level": 2,
      "chunk_index": 14,
      "collection": "docling",
      "char_count": 151,
      "estimated_tokens": 37,
      "total_chunks": 22
    }
  },
  {
    "chunk_id": "docling:_docling-project_docling_8.1-export-formats.md:chunk:15",
    "content": "### Characteristics\n\n\n- Hierarchical structure similar to JSON but more readable\n- Preserves all document metadata and provenance\n- Suitable for version control and manual editing\n- Compatible with YAML-based toolchains",
    "metadata": {
      "source": "_docling-project_docling_8.1-export-formats.md",
      "heading": "Characteristics",
      "heading_level": 3,
      "chunk_index": 15,
      "collection": "docling",
      "char_count": 219,
      "estimated_tokens": 54,
      "total_chunks": 22
    }
  },
  {
    "chunk_id": "docling:_docling-project_docling_8.1-export-formats.md:chunk:16",
    "content": "## DocTags Export Format\n\n\nDocTags is a specialized export format that provides a compact representation of document structure optimized for specific use cases.",
    "metadata": {
      "source": "_docling-project_docling_8.1-export-formats.md",
      "heading": "DocTags Export Format",
      "heading_level": 2,
      "chunk_index": 16,
      "collection": "docling",
      "char_count": 160,
      "estimated_tokens": 40,
      "total_chunks": 22
    }
  },
  {
    "chunk_id": "docling:_docling-project_docling_8.1-export-formats.md:chunk:17",
    "content": "## Text Chunking for RAG Applications\n\n\nBeyond direct export formats, Docling provides sophisticated chunking capabilities for generating text segments suitable for Retrieval-Augmented Generation (RAG) and embedding workflows:\n\n```\n```",
    "metadata": {
      "source": "_docling-project_docling_8.1-export-formats.md",
      "heading": "Text Chunking for RAG Applications",
      "heading_level": 2,
      "chunk_index": 17,
      "collection": "docling",
      "char_count": 235,
      "estimated_tokens": 58,
      "total_chunks": 22
    }
  },
  {
    "chunk_id": "docling:_docling-project_docling_8.1-export-formats.md:chunk:18",
    "content": "### Chunking Methods\n\n\n| Chunker Type          | Description                                         | Use Case                           |\n| --------------------- | --------------------------------------------------- | ---------------------------------- |\n| `HierarchicalChunker` | Structure-aware chunking based on document elements | Preserving document hierarchy      |\n| `HybridChunker`       | Token-aware refinement with merge/split logic       | RAG applications with token limits |",
    "metadata": {
      "source": "_docling-project_docling_8.1-export-formats.md",
      "heading": "Chunking Methods",
      "heading_level": 3,
      "chunk_index": 18,
      "collection": "docling",
      "char_count": 490,
      "estimated_tokens": 122,
      "total_chunks": 22
    }
  },
  {
    "chunk_id": "docling:_docling-project_docling_8.1-export-formats.md:chunk:19",
    "content": "### Chunk Contextualization\n\n\nThe `contextualize()` method enriches chunk text with relevant metadata:\n\n```\n```\n\nSources: [docs/examples/hybrid\\_chunking.ipynb106-110](https://github.com/docling-project/docling/blob/f7244a43/docs/examples/hybrid_chunking.ipynb#L106-L110) [docs/concepts/chunking.md30-36](https://github.com/docling-project/docling/blob/f7244a43/docs/concepts/chunking.md#L30-L36)",
    "metadata": {
      "source": "_docling-project_docling_8.1-export-formats.md",
      "heading": "Chunk Contextualization",
      "heading_level": 3,
      "chunk_index": 19,
      "collection": "docling",
      "char_count": 396,
      "estimated_tokens": 99,
      "total_chunks": 22
    }
  },
  {
    "chunk_id": "docling:_docling-project_docling_8.1-export-formats.md:chunk:20",
    "content": "## Export Format Selection\n\n\nThe choice of export format depends on the intended use case:\n\n- **JSON**: Complete data preservation, programmatic access, archival\n- **Markdown**: Human-readable documentation, content management systems\n- **HTML**: Web publishing, styled presentation\n- **YAML**: Configuration files, human-editable structured data\n- **Text Chunks**: RAG applications, embedding models, search indexing\n\nEach format is optimized for specific downstream consumers while maintaining traceability back to the source document through provenance information.\n\nSources: [docs/v2.md15-29](https://github.com/docling-project/docling/blob/f7244a43/docs/v2.md#L15-L29) [docs/concepts/chunking.md3-14](https://github.com/docling-project/docling/blob/f7244a43/docs/concepts/chunking.md#L3-L14)\n\nDismiss\n\nRefresh this wiki\n\nThis wiki was recently refreshed. Please wait 4 days to refresh again.",
    "metadata": {
      "source": "_docling-project_docling_8.1-export-formats.md",
      "heading": "Export Format Selection",
      "heading_level": 2,
      "chunk_index": 20,
      "collection": "docling",
      "char_count": 896,
      "estimated_tokens": 224,
      "total_chunks": 22
    }
  },
  {
    "chunk_id": "docling:_docling-project_docling_8.1-export-formats.md:chunk:21",
    "content": "### On this page\n\n\n- [Export Formats](#export-formats.md)\n- [Overview](#overview.md)\n- [Export Format Architecture](#export-format-architecture.md)\n- [DoclingDocument Structure](#doclingdocument-structure.md)\n- [JSON Export Format](#json-export-format.md)\n- [Structure](#structure.md)\n- [Element References](#element-references.md)\n- [Markdown Export Format](#markdown-export-format.md)\n- [Features](#features.md)\n- [Usage](#usage.md)\n- [HTML Export Format](#html-export-format.md)\n- [Structure](#structure-1.md)\n- [YAML Export Format](#yaml-export-format.md)\n- [Characteristics](#characteristics.md)\n- [DocTags Export Format](#doctags-export-format.md)\n- [Text Chunking for RAG Applications](#text-chunking-for-rag-applications.md)\n- [Chunking Methods](#chunking-methods.md)\n- [Chunk Contextualization](#chunk-contextualization.md)\n- [Export Format Selection](#export-format-selection.md)",
    "metadata": {
      "source": "_docling-project_docling_8.1-export-formats.md",
      "heading": "On this page",
      "heading_level": 3,
      "chunk_index": 21,
      "collection": "docling",
      "char_count": 889,
      "estimated_tokens": 222,
      "total_chunks": 22
    }
  }
]