[
  {
    "chunk_id": "docling:_docling-project_docling_8-output-and-integration.md:chunk:0",
    "content": "# Output and Integration\n\n\nRelevant source files\n\n- [.github/SECURITY.md](https://github.com/docling-project/docling/blob/f7244a43/.github/SECURITY.md)\n- [CHANGELOG.md](https://github.com/docling-project/docling/blob/f7244a43/CHANGELOG.md)\n- [CITATION.cff](https://github.com/docling-project/docling/blob/f7244a43/CITATION.cff)\n- [README.md](https://github.com/docling-project/docling/blob/f7244a43/README.md)\n- [docs/examples/minimal\\_vlm\\_pipeline.py](https://github.com/docling-project/docling/blob/f7244a43/docs/examples/minimal_vlm_pipeline.py)\n- [docs/index.md](https://github.com/docling-project/docling/blob/f7244a43/docs/index.md)\n- [docs/usage/index.md](https://github.com/docling-project/docling/blob/f7244a43/docs/usage/index.md)\n- [docs/usage/mcp.md](https://github.com/docling-project/docling/blob/f7244a43/docs/usage/mcp.md)\n- [docs/usage/vision\\_models.md](https://github.com/docling-project/docling/blob/f7244a43/docs/usage/vision_models.md)\n- [mkdocs.yml](https://github.com/docling-project/docling/blob/f7244a43/mkdocs.yml)\n- [pyproject.toml](https://github.com/docling-project/docling/blob/f7244a43/pyproject.toml)\n- [uv.lock](https://github.com/docling-project/docling/blob/f7244a43/uv.lock)",
    "metadata": {
      "source": "_docling-project_docling_8-output-and-integration.md",
      "heading": "Output and Integration",
      "heading_level": 1,
      "chunk_index": 0,
      "collection": "docling",
      "char_count": 1212,
      "estimated_tokens": 303,
      "total_chunks": 28
    }
  },
  {
    "chunk_id": "docling:_docling-project_docling_8-output-and-integration.md:chunk:1",
    "content": "## Purpose and Scope\n\n\nThis document provides an overview of Docling's output capabilities and integration ecosystem. After documents are processed through pipelines and assembled into a `DoclingDocument` (see [DoclingDocument Data Model](docling-project/docling/2.2-doclingdocument-data-model.md)), they can be exported to multiple formats and integrated with downstream tools. This page covers:\n\n1. **Export formats**: Markdown, JSON, HTML, and DOCTAGS serialization from `DoclingDocument`\n2. **Document chunking**: Breaking documents into smaller segments for retrieval systems\n3. **Framework integrations**: Connecting with LangChain, LlamaIndex, Haystack, vector databases, and AI agents via MCP\n\nFor detailed information on specific export format options and methods, see [Export Formats](docling-project/docling/8.1-export-formats.md). For chunking strategies and configuration, see [Document Chunking](docling-project/docling/8.2-document-chunking.md). For framework-specific integration patterns, see [Framework Integrations](docling-project/docling/8.3-framework-integrations.md).\n\nSources: [pyproject.toml1-280](https://github.com/docling-project/docling/blob/f7244a43/pyproject.toml#L1-L280) [README.md1-161](https://github.com/docling-project/docling/blob/f7244a43/README.md#L1-L161) [mkdocs.yml54-162](https://github.com/docling-project/docling/blob/f7244a43/mkdocs.yml#L54-L162)\n\n---",
    "metadata": {
      "source": "_docling-project_docling_8-output-and-integration.md",
      "heading": "Purpose and Scope",
      "heading_level": 2,
      "chunk_index": 1,
      "collection": "docling",
      "char_count": 1398,
      "estimated_tokens": 349,
      "total_chunks": 28
    }
  },
  {
    "chunk_id": "docling:_docling-project_docling_8-output-and-integration.md:chunk:2",
    "content": "## Output Architecture\n\n\nThe output subsystem is organized around the `DoclingDocument` as the central unified representation. All processed documents, regardless of their input format or processing pipeline, converge to this common structure before being exported or integrated with external systems.",
    "metadata": {
      "source": "_docling-project_docling_8-output-and-integration.md",
      "heading": "Output Architecture",
      "heading_level": 2,
      "chunk_index": 2,
      "collection": "docling",
      "char_count": 301,
      "estimated_tokens": 75,
      "total_chunks": 28
    }
  },
  {
    "chunk_id": "docling:_docling-project_docling_8-output-and-integration.md:chunk:3",
    "content": "### Export Flow Diagram\n\n\n```\n```\n\n**Description**: This diagram illustrates how all processing pipelines converge on `DoclingDocument`, which serves as the single source for exports, chunking, and framework integrations. The export methods are direct serialization functions on the document object, while chunking produces `DocChunk` objects that can be fed into AI frameworks. Framework integrations can consume either the full `DoclingDocument` or chunked segments depending on the use case.\n\nSources: [README.md34-43](https://github.com/docling-project/docling/blob/f7244a43/README.md#L34-L43) [mkdocs.yml100-128](https://github.com/docling-project/docling/blob/f7244a43/mkdocs.yml#L100-L128) [pyproject.toml47](https://github.com/docling-project/docling/blob/f7244a43/pyproject.toml#L47-L47)\n\n---",
    "metadata": {
      "source": "_docling-project_docling_8-output-and-integration.md",
      "heading": "Export Flow Diagram",
      "heading_level": 3,
      "chunk_index": 3,
      "collection": "docling",
      "char_count": 801,
      "estimated_tokens": 200,
      "total_chunks": 28
    }
  },
  {
    "chunk_id": "docling:_docling-project_docling_8-output-and-integration.md:chunk:4",
    "content": "## Export Formats Overview\n\n\nDocling provides four primary export formats, each accessed through methods on the `DoclingDocument` instance:\n\n| Format       | Method                 | Primary Use Case                            | Output Type |\n| ------------ | ---------------------- | ------------------------------------------- | ----------- |\n| **Markdown** | `export_to_markdown()` | Human-readable text, LLM input              | `str`       |\n| **JSON**     | `export_to_json()`     | Lossless serialization, programmatic access | `str`       |\n| **HTML**     | `export_to_html()`     | Web display, visual rendering               | `str`       |\n| **DOCTAGS**  | `export_to_doctags()`  | Structured markup, VLM training             | `str`       |",
    "metadata": {
      "source": "_docling-project_docling_8-output-and-integration.md",
      "heading": "Export Formats Overview",
      "heading_level": 2,
      "chunk_index": 4,
      "collection": "docling",
      "char_count": 752,
      "estimated_tokens": 188,
      "total_chunks": 28
    }
  },
  {
    "chunk_id": "docling:_docling-project_docling_8-output-and-integration.md:chunk:5",
    "content": "### Basic Export Example\n\n\n```\n```\n\nEach export method supports format-specific options for controlling output behavior. For example, `export_to_markdown()` supports `image_mode` to control embedded image handling, and `export_to_json()` supports `indent` for pretty-printing.\n\n**DOCTAGS Format**: A specialized structured markup format designed for vision-language model training and structured document representation. DOCTAGS uses XML-like tags to encode document structure hierarchically (e.g., `<document>`, `<page>`, `<section>`, `<table>`). This format is the preferred output for VLM pipelines that generate structured representations directly.\n\nSources: [README.md35](https://github.com/docling-project/docling/blob/f7244a43/README.md#L35-L35) [docs/index.md27](https://github.com/docling-project/docling/blob/f7244a43/docs/index.md#L27-L27) [docs/usage/index.md10-20](https://github.com/docling-project/docling/blob/f7244a43/docs/usage/index.md#L10-L20)\n\n---",
    "metadata": {
      "source": "_docling-project_docling_8-output-and-integration.md",
      "heading": "Basic Export Example",
      "heading_level": 3,
      "chunk_index": 5,
      "collection": "docling",
      "char_count": 968,
      "estimated_tokens": 242,
      "total_chunks": 28
    }
  },
  {
    "chunk_id": "docling:_docling-project_docling_8-output-and-integration.md:chunk:6",
    "content": "## Document Chunking Overview\n\n\nChunking breaks `DoclingDocument` instances into smaller `DocChunk` segments suitable for retrieval-augmented generation (RAG) systems and vector databases. Docling leverages the `docling-core` library's `HybridChunker`, which implements hierarchical and hybrid chunking strategies.",
    "metadata": {
      "source": "_docling-project_docling_8-output-and-integration.md",
      "heading": "Document Chunking Overview",
      "heading_level": 2,
      "chunk_index": 6,
      "collection": "docling",
      "char_count": 314,
      "estimated_tokens": 78,
      "total_chunks": 28
    }
  },
  {
    "chunk_id": "docling:_docling-project_docling_8-output-and-integration.md:chunk:7",
    "content": "### Chunking Workflow\n\n\n```\n```\n\n**Description**: The chunking process transforms a `DoclingDocument` into a list of `DocChunk` objects. Each chunk contains the text content, metadata about the source document items (paragraphs, tables, etc.), and hierarchical path information (headings leading to the chunk). This metadata enables context-aware retrieval.",
    "metadata": {
      "source": "_docling-project_docling_8-output-and-integration.md",
      "heading": "Chunking Workflow",
      "heading_level": 3,
      "chunk_index": 7,
      "collection": "docling",
      "char_count": 357,
      "estimated_tokens": 89,
      "total_chunks": 28
    }
  },
  {
    "chunk_id": "docling:_docling-project_docling_8-output-and-integration.md:chunk:8",
    "content": "### Chunking Strategies\n\n\n1. **Hierarchical Chunking**: Respects document structure (sections, subsections) and preserves heading context\n2. **Hybrid Chunking**: Combines hierarchical structure with token/character limits to ensure chunks fit within model context windows\n3. **Token-Based Splitting**: Uses tokenizers to enforce maximum chunk sizes while respecting document boundaries\n\nThe chunker configuration allows control over:\n\n- Maximum chunk size (tokens or characters)\n- Overlap between consecutive chunks\n- Heading level depth for context preservation\n- Tokenizer selection (for transformer models)\n\nSources: [pyproject.toml47](https://github.com/docling-project/docling/blob/f7244a43/pyproject.toml#L47-L47) [mkdocs.yml100-103](https://github.com/docling-project/docling/blob/f7244a43/mkdocs.yml#L100-L103)\n\n---",
    "metadata": {
      "source": "_docling-project_docling_8-output-and-integration.md",
      "heading": "Chunking Strategies",
      "heading_level": 3,
      "chunk_index": 8,
      "collection": "docling",
      "char_count": 823,
      "estimated_tokens": 205,
      "total_chunks": 28
    }
  },
  {
    "chunk_id": "docling:_docling-project_docling_8-output-and-integration.md:chunk:9",
    "content": "## Framework Integration Architecture\n\n\nDocling provides native integrations with popular AI development frameworks, enabling seamless incorporation into RAG pipelines, agentic workflows, and document processing applications.",
    "metadata": {
      "source": "_docling-project_docling_8-output-and-integration.md",
      "heading": "Framework Integration Architecture",
      "heading_level": 2,
      "chunk_index": 9,
      "collection": "docling",
      "char_count": 225,
      "estimated_tokens": 56,
      "total_chunks": 28
    }
  },
  {
    "chunk_id": "docling:_docling-project_docling_8-output-and-integration.md:chunk:10",
    "content": "### Integration Landscape Diagram\n\n\n```\n```\n\n**Description**: Docling integrates with the AI ecosystem at multiple levels. Document loaders/readers provide framework-specific adapters for LangChain, LlamaIndex, and Haystack. These frameworks then connect to vector databases for retrieval. Separately, agentic frameworks like MCP, CrewAI, and Bee Agent consume `DoclingDocument` directly for agent-based workflows.\n\nSources: [mkdocs.yml130-155](https://github.com/docling-project/docling/blob/f7244a43/mkdocs.yml#L130-L155) [README.md109-113](https://github.com/docling-project/docling/blob/f7244a43/README.md#L109-L113)\n\n---",
    "metadata": {
      "source": "_docling-project_docling_8-output-and-integration.md",
      "heading": "Integration Landscape Diagram",
      "heading_level": 3,
      "chunk_index": 10,
      "collection": "docling",
      "char_count": 625,
      "estimated_tokens": 156,
      "total_chunks": 28
    }
  },
  {
    "chunk_id": "docling:_docling-project_docling_8-output-and-integration.md:chunk:11",
    "content": "### Pattern 1: Direct Framework Integration\n\n\nFrameworks like LangChain and LlamaIndex provide native loaders/readers that accept `DoclingDocument` objects:\n\n```\n```\n\nThese loaders handle the conversion from `DoclingDocument` (or `DocChunk`) to framework-native document representations.",
    "metadata": {
      "source": "_docling-project_docling_8-output-and-integration.md",
      "heading": "Pattern 1: Direct Framework Integration",
      "heading_level": 3,
      "chunk_index": 11,
      "collection": "docling",
      "char_count": 287,
      "estimated_tokens": 71,
      "total_chunks": 28
    }
  },
  {
    "chunk_id": "docling:_docling-project_docling_8-output-and-integration.md:chunk:12",
    "content": "### Pattern 2: MCP Server for Agents\n\n\nThe Model Context Protocol (MCP) integration enables any MCP-compatible agent to access Docling's document processing capabilities as a service:\n\n```\n```\n\nThis configuration (placed in `claude_desktop_config.json` or `mcp.json` for LM Studio) exposes Docling as an MCP tool that agents can invoke for document conversion tasks.",
    "metadata": {
      "source": "_docling-project_docling_8-output-and-integration.md",
      "heading": "Pattern 2: MCP Server for Agents",
      "heading_level": 3,
      "chunk_index": 12,
      "collection": "docling",
      "char_count": 366,
      "estimated_tokens": 91,
      "total_chunks": 28
    }
  },
  {
    "chunk_id": "docling:_docling-project_docling_8-output-and-integration.md:chunk:13",
    "content": "### Pattern 3: Vector Database Ingestion\n\n\nChunked documents can be embedded and stored in vector databases for semantic search:\n\n```\n```\n\nSources: [docs/usage/mcp.md1-31](https://github.com/docling-project/docling/blob/f7244a43/docs/usage/mcp.md#L1-L31) [mkdocs.yml106-127](https://github.com/docling-project/docling/blob/f7244a43/mkdocs.yml#L106-L127) [README.md37-42](https://github.com/docling-project/docling/blob/f7244a43/README.md#L37-L42)\n\n---",
    "metadata": {
      "source": "_docling-project_docling_8-output-and-integration.md",
      "heading": "Pattern 3: Vector Database Ingestion",
      "heading_level": 3,
      "chunk_index": 13,
      "collection": "docling",
      "char_count": 451,
      "estimated_tokens": 112,
      "total_chunks": 28
    }
  },
  {
    "chunk_id": "docling:_docling-project_docling_8-output-and-integration.md:chunk:14",
    "content": "## Export Method Reference\n\n\nAll export methods are instance methods on the `DoclingDocument` class. They serialize the unified document representation into format-specific string outputs:\n\n```\n```\n\n**Description**: The `DoclingDocument` Pydantic model provides four export methods, each with format-specific options. Common options include `image_mode` for controlling image handling (placeholders, embedded data, or references), `strict_text` for enforcing plain text output, and `indent` for JSON pretty-printing.",
    "metadata": {
      "source": "_docling-project_docling_8-output-and-integration.md",
      "heading": "Export Method Reference",
      "heading_level": 2,
      "chunk_index": 14,
      "collection": "docling",
      "char_count": 516,
      "estimated_tokens": 129,
      "total_chunks": 28
    }
  },
  {
    "chunk_id": "docling:_docling-project_docling_8-output-and-integration.md:chunk:15",
    "content": "### Export Method Signatures\n\n\n```\n```\n\nThese methods are implemented in the `docling-core` library, which `DoclingDocument` inherits from. The actual method implementations handle traversal of the document's hierarchical structure and serialization to each format.\n\nSources: [docs/usage/index.md10-20](https://github.com/docling-project/docling/blob/f7244a43/docs/usage/index.md#L10-L20) [README.md77](https://github.com/docling-project/docling/blob/f7244a43/README.md#L77-L77)\n\n---",
    "metadata": {
      "source": "_docling-project_docling_8-output-and-integration.md",
      "heading": "Export Method Signatures",
      "heading_level": 3,
      "chunk_index": 15,
      "collection": "docling",
      "char_count": 483,
      "estimated_tokens": 120,
      "total_chunks": 28
    }
  },
  {
    "chunk_id": "docling:_docling-project_docling_8-output-and-integration.md:chunk:16",
    "content": "## Chunking Configuration\n\n\nThe chunking subsystem uses `HybridChunker` from `docling-core`, configurable through initialization parameters:\n\n| Parameter                   | Type   | Default        | Description                       |\n| --------------------------- | ------ | -------------- | --------------------------------- |\n| `max_tokens`                | `int`  | 512            | Maximum tokens per chunk          |\n| `tokenizer`                 | `str`  | \"cl100k\\_base\" | Tokenizer for counting (tiktoken) |\n| `include_heading_hierarchy` | `bool` | `True`         | Add heading context to chunks     |\n| `overlap`                   | `int`  | 0              | Token overlap between chunks      |",
    "metadata": {
      "source": "_docling-project_docling_8-output-and-integration.md",
      "heading": "Chunking Configuration",
      "heading_level": 2,
      "chunk_index": 16,
      "collection": "docling",
      "char_count": 705,
      "estimated_tokens": 176,
      "total_chunks": 28
    }
  },
  {
    "chunk_id": "docling:_docling-project_docling_8-output-and-integration.md:chunk:17",
    "content": "### Chunking Method Flow\n\n\n```\n```\n\n**Description**: The `HybridChunker.chunk()` method traverses the `DoclingDocument.body` items (paragraphs, tables, lists, etc.) and segments them into chunks respecting token limits. Each chunk is enriched with metadata including the hierarchical path (sequence of headings leading to the chunk) and references to source document items.\n\nSources: [pyproject.toml47](https://github.com/docling-project/docling/blob/f7244a43/pyproject.toml#L47-L47) [mkdocs.yml100-103](https://github.com/docling-project/docling/blob/f7244a43/mkdocs.yml#L100-L103)\n\n---",
    "metadata": {
      "source": "_docling-project_docling_8-output-and-integration.md",
      "heading": "Chunking Method Flow",
      "heading_level": 3,
      "chunk_index": 17,
      "collection": "docling",
      "char_count": 587,
      "estimated_tokens": 146,
      "total_chunks": 28
    }
  },
  {
    "chunk_id": "docling:_docling-project_docling_8-output-and-integration.md:chunk:18",
    "content": "## Integration Dependencies\n\n\nFramework integrations are provided through optional dependency groups and separate integration packages:",
    "metadata": {
      "source": "_docling-project_docling_8-output-and-integration.md",
      "heading": "Integration Dependencies",
      "heading_level": 2,
      "chunk_index": 18,
      "collection": "docling",
      "char_count": 135,
      "estimated_tokens": 33,
      "total_chunks": 28
    }
  },
  {
    "chunk_id": "docling:_docling-project_docling_8-output-and-integration.md:chunk:19",
    "content": "### Framework Integration Packages\n\n\nThe integrations are maintained as separate packages:\n\n- **LangChain**: `langchain-docling` package provides `DoclingLoader` and `DoclingPDFLoader`\n- **LlamaIndex**: `llama-index-readers-docling` provides `DoclingReader`\n- **Haystack**: `haystack-docling` provides `DoclingConverter`\n- **MCP**: `docling-mcp` provides the MCP server implementation\n\nThis separation allows framework integrations to evolve independently from Docling core.\n\nSources: [pyproject.toml45-148](https://github.com/docling-project/docling/blob/f7244a43/pyproject.toml#L45-L148) [mkdocs.yml130-155](https://github.com/docling-project/docling/blob/f7244a43/mkdocs.yml#L130-L155)\n\n---",
    "metadata": {
      "source": "_docling-project_docling_8-output-and-integration.md",
      "heading": "Framework Integration Packages",
      "heading_level": 3,
      "chunk_index": 19,
      "collection": "docling",
      "char_count": 693,
      "estimated_tokens": 173,
      "total_chunks": 28
    }
  },
  {
    "chunk_id": "docling:_docling-project_docling_8-output-and-integration.md:chunk:20",
    "content": "## Use Case: RAG Pipeline\n\n\nA typical RAG pipeline using Docling follows this pattern:\n\n```\n```\n\n**Description**: The complete RAG workflow starts with document conversion to `DoclingDocument`, followed by chunking into `DocChunk` objects. Chunks are embedded and stored in a vector database. At query time, relevant chunks are retrieved via similarity search and provided as context to an LLM for answer generation.",
    "metadata": {
      "source": "_docling-project_docling_8-output-and-integration.md",
      "heading": "Use Case: RAG Pipeline",
      "heading_level": 2,
      "chunk_index": 20,
      "collection": "docling",
      "char_count": 416,
      "estimated_tokens": 104,
      "total_chunks": 28
    }
  },
  {
    "chunk_id": "docling:_docling-project_docling_8-output-and-integration.md:chunk:21",
    "content": "### Code Example Structure\n\n\n```\n```\n\nSources: [mkdocs.yml106-127](https://github.com/docling-project/docling/blob/f7244a43/mkdocs.yml#L106-L127) [pyproject.toml144-148](https://github.com/docling-project/docling/blob/f7244a43/pyproject.toml#L144-L148)\n\n---",
    "metadata": {
      "source": "_docling-project_docling_8-output-and-integration.md",
      "heading": "Code Example Structure",
      "heading_level": 3,
      "chunk_index": 21,
      "collection": "docling",
      "char_count": 257,
      "estimated_tokens": 64,
      "total_chunks": 28
    }
  },
  {
    "chunk_id": "docling:_docling-project_docling_8-output-and-integration.md:chunk:22",
    "content": "## MCP Server Architecture\n\n\nThe MCP (Model Context Protocol) server provides a standardized interface for AI agents to access Docling's document conversion capabilities:\n\n```\n```\n\n**Description**: The MCP server (`docling-mcp-server`) runs as a separate process and communicates with MCP clients via JSON-RPC over standard input/output. Clients (like Claude Desktop or LM Studio) can invoke Docling document conversion as a tool, passing document paths or URLs and receiving structured `DoclingDocument` representations in response.",
    "metadata": {
      "source": "_docling-project_docling_8-output-and-integration.md",
      "heading": "MCP Server Architecture",
      "heading_level": 2,
      "chunk_index": 22,
      "collection": "docling",
      "char_count": 533,
      "estimated_tokens": 133,
      "total_chunks": 28
    }
  },
  {
    "chunk_id": "docling:_docling-project_docling_8-output-and-integration.md:chunk:23",
    "content": "### MCP Configuration Example\n\n\n```\n```\n\nThis configuration launches the MCP server using `uvx` (the uv package runner), which handles dependency installation and execution. The server then registers itself with the MCP client, making Docling tools available to the agent.\n\nSources: [docs/usage/mcp.md1-31](https://github.com/docling-project/docling/blob/f7244a43/docs/usage/mcp.md#L1-L31) [README.md41](https://github.com/docling-project/docling/blob/f7244a43/README.md#L41-L41)\n\n---",
    "metadata": {
      "source": "_docling-project_docling_8-output-and-integration.md",
      "heading": "MCP Configuration Example",
      "heading_level": 3,
      "chunk_index": 23,
      "collection": "docling",
      "char_count": 484,
      "estimated_tokens": 121,
      "total_chunks": 28
    }
  },
  {
    "chunk_id": "docling:_docling-project_docling_8-output-and-integration.md:chunk:24",
    "content": "## Export Format Comparison\n\n\nDifferent export formats serve different downstream use cases:\n\n| Format       | Structure Preservation       | Human Readable      | Lossless                | Primary Consumers          |\n| ------------ | ---------------------------- | ------------------- | ----------------------- | -------------------------- |\n| **Markdown** | ⭐⭐⭐ Heading hierarchy, lists | ⭐⭐⭐ Highly readable | ❌ No (styling lost)     | LLMs, humans, static sites |\n| **JSON**     | ⭐⭐⭐ Full provenance          | ⭐ Programmatic      | ✅ Yes (complete)        | Applications, archival     |\n| **HTML**     | ⭐⭐ Visual structure          | ⭐⭐ Web rendering    | ❌ No (formatting focus) | Web browsers, displays     |\n| **DOCTAGS**  | ⭐⭐⭐ Semantic tags            | ⭐⭐ Structured text  | ⭐⭐ Partial              | VLMs, structured ML        |",
    "metadata": {
      "source": "_docling-project_docling_8-output-and-integration.md",
      "heading": "Export Format Comparison",
      "heading_level": 2,
      "chunk_index": 24,
      "collection": "docling",
      "char_count": 843,
      "estimated_tokens": 210,
      "total_chunks": 28
    }
  },
  {
    "chunk_id": "docling:_docling-project_docling_8-output-and-integration.md:chunk:25",
    "content": "### Format Selection Guide\n\n\n**Use Markdown when:**\n\n- Providing context to language models\n- Creating human-readable documentation\n- Generating static websites or wikis\n\n**Use JSON when:**\n\n- Preserving complete document structure for later processing\n- Building document databases or archives\n- Implementing document version control\n\n**Use HTML when:**\n\n- Rendering documents in web applications\n- Creating interactive document viewers\n- Generating print-ready outputs\n\n**Use DOCTAGS when:**\n\n- Training or fine-tuning vision-language models\n- Creating structured datasets for ML\n- Preserving semantic document structure with minimal tokens\n\nSources: [README.md35](https://github.com/docling-project/docling/blob/f7244a43/README.md#L35-L35) [docs/index.md27](https://github.com/docling-project/docling/blob/f7244a43/docs/index.md#L27-L27)\n\n---",
    "metadata": {
      "source": "_docling-project_docling_8-output-and-integration.md",
      "heading": "Format Selection Guide",
      "heading_level": 3,
      "chunk_index": 25,
      "collection": "docling",
      "char_count": 845,
      "estimated_tokens": 211,
      "total_chunks": 28
    }
  },
  {
    "chunk_id": "docling:_docling-project_docling_8-output-and-integration.md:chunk:26",
    "content": "## Summary\n\n\nDocling's output and integration capabilities center around the `DoclingDocument` unified representation:\n\n1. **Export**: Four serialization formats (`export_to_markdown()`, `export_to_json()`, `export_to_html()`, `export_to_doctags()`) provide format-specific outputs for different use cases\n\n2. **Chunking**: The `HybridChunker` from `docling-core` segments documents into `DocChunk` objects with preserved hierarchical context for RAG systems\n\n3. **Integration**: Native support for LangChain, LlamaIndex, Haystack via dedicated loader packages, plus MCP server for agent frameworks\n\nAll export and integration paths preserve the document's hierarchical structure and provenance metadata, enabling downstream systems to leverage Docling's advanced document understanding capabilities.\n\nSources: [README.md28-43](https://github.com/docling-project/docling/blob/f7244a43/README.md#L28-L43) [pyproject.toml45-148](https://github.com/docling-project/docling/blob/f7244a43/pyproject.toml#L45-L148) [mkdocs.yml54-162](https://github.com/docling-project/docling/blob/f7244a43/mkdocs.yml#L54-L162)\n\nDismiss\n\nRefresh this wiki\n\nThis wiki was recently refreshed. Please wait 4 days to refresh again.",
    "metadata": {
      "source": "_docling-project_docling_8-output-and-integration.md",
      "heading": "Summary",
      "heading_level": 2,
      "chunk_index": 26,
      "collection": "docling",
      "char_count": 1205,
      "estimated_tokens": 301,
      "total_chunks": 28
    }
  },
  {
    "chunk_id": "docling:_docling-project_docling_8-output-and-integration.md:chunk:27",
    "content": "### On this page\n\n\n- [Output and Integration](#output-and-integration.md)\n- [Purpose and Scope](#purpose-and-scope.md)\n- [Output Architecture](#output-architecture.md)\n- [Export Flow Diagram](#export-flow-diagram.md)\n- [Export Formats Overview](#export-formats-overview.md)\n- [Basic Export Example](#basic-export-example.md)\n- [Document Chunking Overview](#document-chunking-overview.md)\n- [Chunking Workflow](#chunking-workflow.md)\n- [Chunking Strategies](#chunking-strategies.md)\n- [Framework Integration Architecture](#framework-integration-architecture.md)\n- [Integration Landscape Diagram](#integration-landscape-diagram.md)\n- [Integration Patterns](#integration-patterns.md)\n- [Pattern 1: Direct Framework Integration](#pattern-1-direct-framework-integration.md)\n- [Pattern 2: MCP Server for Agents](#pattern-2-mcp-server-for-agents.md)\n- [Pattern 3: Vector Database Ingestion](#pattern-3-vector-database-ingestion.md)\n- [Export Method Reference](#export-method-reference.md)\n- [Export Method Signatures](#export-method-signatures.md)\n- [Chunking Configuration](#chunking-configuration.md)\n- [Chunking Method Flow](#chunking-method-flow.md)\n- [Integration Dependencies](#integration-dependencies.md)\n- [Core Dependencies](#core-dependencies.md)\n- [Optional Integration Dependencies](#optional-integration-dependencies.md)\n- [Framework Integration Packages](#framework-integration-packages.md)\n- [Use Case: RAG Pipeline](#use-case-rag-pipeline.md)\n- [Code Example Structure](#code-example-structure.md)\n- [MCP Server Architecture](#mcp-server-architecture.md)\n- [MCP Configuration Example](#mcp-configuration-example.md)\n- [Export Format Comparison](#export-format-comparison.md)\n- [Format Selection Guide](#format-selection-guide.md)\n- [Summary](#summary.md)",
    "metadata": {
      "source": "_docling-project_docling_8-output-and-integration.md",
      "heading": "On this page",
      "heading_level": 3,
      "chunk_index": 27,
      "collection": "docling",
      "char_count": 1764,
      "estimated_tokens": 441,
      "total_chunks": 28
    }
  }
]