{
  "collection": "docling",
  "timestamp": "2025-10-15T22:16:36.822338",
  "total_chunks": 1060,
  "chunking_method": "Regex-based (heading-aware)",
  "total_characters": 785074,
  "estimated_total_tokens": 195878,
  "avg_chars_per_chunk": 740,
  "avg_tokens_per_chunk": 184,
  "files_processed": 46,
  "chunks_by_file": {
    "_docling-project_docling.md": 28,
    "_docling-project_docling_1-overview.md": 28,
    "_docling-project_docling_1.1-installation.md": 36,
    "_docling-project_docling_1.2-quick-start.md": 16,
    "_docling-project_docling_10-deployment.md": 15,
    "_docling-project_docling_10.1-docker-deployment.md": 17,
    "_docling-project_docling_10.2-model-artifacts-management.md": 25,
    "_docling-project_docling_2-core-architecture.md": 23,
    "_docling-project_docling_2.1-document-conversion-flow.md": 29,
    "_docling-project_docling_2.2-doclingdocument-data-model.md": 26,
    "_docling-project_docling_2.3-configuration-and-pipeline-options.md": 32,
    "_docling-project_docling_2.4-format-detection-and-routing.md": 23,
    "_docling-project_docling_3-document-backends.md": 18,
    "_docling-project_docling_3.1-pdf-processing-backends.md": 33,
    "_docling-project_docling_3.2-office-document-backends.md": 16,
    "_docling-project_docling_3.3-web-and-markup-backends.md": 19,
    "_docling-project_docling_4-aiml-models.md": 28,
    "_docling-project_docling_4.1-ocr-models.md": 40,
    "_docling-project_docling_4.2-layout-and-table-structure-models.md": 25,
    "_docling-project_docling_4.3-vision-language-models.md": 26,
    "_docling-project_docling_4.3.1-inline-vlm-models.md": 26,
    "_docling-project_docling_4.3.2-api-based-vlm-models.md": 26,
    "_docling-project_docling_4.4-enrichment-models.md": 25,
    "_docling-project_docling_5-processing-pipelines.md": 24,
    "_docling-project_docling_5.1-standard-pdf-pipeline.md": 25,
    "_docling-project_docling_5.2-threaded-pdf-pipeline.md": 26,
    "_docling-project_docling_5.3-vlm-pipeline.md": 24,
    "_docling-project_docling_5.4-extraction-pipeline.md": 25,
    "_docling-project_docling_5.5-asr-pipeline.md": 24,
    "_docling-project_docling_5.6-base-pipeline-architecture.md": 17,
    "_docling-project_docling_6-command-line-interface.md": 10,
    "_docling-project_docling_6.1-document-conversion-cli.md": 42,
    "_docling-project_docling_6.2-model-management-cli.md": 9,
    "_docling-project_docling_7-python-sdk.md": 10,
    "_docling-project_docling_7.1-documentconverter-api.md": 20,
    "_docling-project_docling_7.2-documentextractor-api.md": 19,
    "_docling-project_docling_7.3-usage-examples.md": 25,
    "_docling-project_docling_8-output-and-integration.md": 28,
    "_docling-project_docling_8.1-export-formats.md": 22,
    "_docling-project_docling_8.2-document-chunking.md": 26,
    "_docling-project_docling_8.3-framework-integrations.md": 23,
    "_docling-project_docling_9-development-and-testing.md": 29,
    "_docling-project_docling_9.1-testing-framework.md": 15,
    "_docling-project_docling_9.2-ground-truth-data.md": 20,
    "_docling-project_docling_9.3-cicd-and-development-workflow.md": 15,
    "_index.md": 2
  }
}